Reg_cd;Sec_cd;int_kstock;ratio_kstock
AU;01;1.386963964;10.93880027
AU;02;1.386963964;10.93880027
AU;03;1.386963964;10.93880027
AU;04;1.386963964;10.93880027
AU;05;3.759438997;14.15350524
AU;06;3.759438997;14.15350524
AU;07;3.759438997;14.15350524
AU;08;3.759438997;14.15350524
AU;09;0.478962507;11.40963439
AU;10;0.478962507;11.40963439
AU;11;0.478962507;11.40963439
AU;12;0.478962507;11.40963439
AU;13;0.478962507;11.40963439
AU;14;0.478962507;11.40963439
AU;15;0.478962507;11.40963439
AU;16;0.478962507;11.40963439
AU;17;0.478962507;11.40963439
AU;18;0.478962507;11.40963439
AU;19;0.478962507;11.40963439
AU;20;0.478962507;11.40963439
AU;21;0.478962507;11.40963439
AU;22;0.478962507;11.40963439
AU;23;0.478962507;11.40963439
AU;24;0.478962507;11.40963439
AU;25;0.478962507;11.40963439
AU;26;0.478962507;11.40963439
AU;27;0.478962507;11.40963439
AU;28;0.478962507;11.40963439
AU;29;0.478962507;11.40963439
AU;30;0.478962507;11.40963439
AU;31;0.478962507;11.40963439
AU;32;0.478962507;11.40963439
AU;33;0.478962507;11.40963439
AU;34;3.260701193;18.03028826
AU;35;3.260701193;18.03028826
AU;36;3.260701193;18.03028826
AU;37;3.260701193;18.03028826
AU;38;3.260701193;18.03028826
AU;39;3.260701193;18.03028826
AU;40;3.260701193;18.03028826
AU;41;0.14097687;7.53198027
AU;42;0.509950978;9.490906952
AU;43;0.885211151;17.23130017
AU;44;2.375897517;12.3501655
AU;45;2.375897517;12.3501655
AU;46;2.375897517;12.3501655
AU;47;2.375897517;12.3501655
AU;48;2.375897517;12.3501655
AU;49;2.375897517;12.3501655
AU;50;0.482195224;10.50815573
AU;51;0.482195224;10.50815573
AU;52;2.15901813;14.65204693
AU;53;2.15901813;14.65204693
AU;54;1.91623263;13.92029726
AU;55;1.91623263;13.92029726
AU;56;1.770342617;10.21452277
AU;57;1.375372165;15.72954161
AU;58;0.88854232;10.2199087
AU;59;0.88598141;10.29995273
BR;01;1.147772593;12.32200192
BR;02;1.147772593;12.32200192
BR;03;1.142795017;12.34364253
BR;04;1.141119691;12.32631858
BR;05;2.228303044;9.562481385
BR;06;2.228303044;9.562481385
BR;07;2.228303044;9.562481385
BR;08;2.216231071;9.557547498
BR;09;0.549081205;14.14972596
BR;10;0.774545305;8.389115638
BR;11;0.788688518;8.118719366
BR;12;0.788529672;8.121182465
BR;13;0.509726941;15.57947783
BR;14;0.509726941;15.57947783
BR;15;0.786671374;12.13775475
BR;16;0.786671374;12.13775475
BR;17;1.09393127;22.86704266
BR;18;0.786260901;12.15064389
BR;19;0.721240491;43.42933212
BR;20;0.721240491;43.42933212
BR;21;0.721240491;43.42933212
BR;22;0.751096454;21.39015274
BR;23;0.751096454;21.39015274
BR;24;0.751096454;21.39015274
BR;25;0.520388005;13.93748988
BR;26;0.612033277;12.01611492
BR;27;0.930250302;27.85838378
BR;28;0.717418654;12.32226433
BR;29;0.930250302;27.85838378
BR;30;0.930250302;27.85838378
BR;31;0.635951741;15.47169936
BR;32;0.637620611;15.59874064
BR;33;0.803726354;8.107648618
BR;34;3.906329265;17.34009955
BR;35;3.934554249;34.78212484
BR;36;3.934554249;34.78212484
BR;37;3.934554249;34.78212484
BR;38;3.934554249;34.78212484
BR;39;3.934554249;34.78212484
BR;40;3.911207915;17.34636161
BR;41;0.256637499;7.660220568
BR;42;0.939125476;13.72320656
BR;43;1.158498512;14.7081989
BR;44;2.28676641;13.68841282
BR;45;2.28676641;13.68841282
BR;46;2.289707888;13.6925892
BR;47;2.289707888;13.6925892
BR;48;2.29020521;13.69244924
BR;49;2.292639884;13.69986454
BR;50;1.135059613;11.24898671
BR;51;1.136334637;11.26687736
BR;52;7.885983299;16.17455822
BR;53;1.522884178;10.13394171
BR;54;0.941326242;9.737834495
BR;55;0.936433068;9.696806728
BR;56;5.106202324;18.92835552
BR;57;1.597119888;12.21419251
BR;58;1.19188305;11.16995279
BR;59;1.323884064;12.24322616
CA;01;0.642495948;6.403301887
CA;02;0.642495948;6.403301887
CA;03;0.18513905;5.57588021
CA;04;0.264130315;8.026602177
CA;05;3.897368272;12.1367401
CA;06;3.897368272;12.1367401
CA;07;3.897368272;12.1367401
CA;08;3.897368272;12.1367401
CA;09;0.137889269;4.785019455
CA;10;0.224050911;6.511587983
CA;11;0.221779244;5.836918138
CA;12;0.260966251;7.01694022
CA;13;0.266180565;8.681803847
CA;14;0.266180565;8.681803847
CA;15;0.271807517;6.205082189
CA;16;0.271807517;6.205082189
CA;17;0.33703859;5.24250367
CA;18;0.16968985;5.355790759
CA;19;0.256465544;5.997573797
CA;20;0.256465544;5.997573797
CA;21;0.256465544;5.997573797
CA;22;0.311603233;8.376863986
CA;23;0.311603233;8.376863986
CA;24;0.311603233;8.376863986
CA;25;0.141576517;4.750729614
CA;26;0.159631983;4.684890357
CA;27;0.334627277;4.586225307
CA;28;0.198761453;4.275757576
CA;29;0.334627277;4.586225307
CA;30;0.334627277;4.586225307
CA;31;0.177734761;4.751614158
CA;32;0.177734761;4.751614158
CA;33;0.211559156;5.759678023
CA;34;4.230151229;10.46100351
CA;35;4.230151229;10.46100351
CA;36;4.230151229;10.46100351
CA;37;4.230151229;10.46100351
CA;38;4.230151229;10.46100351
CA;39;4.230151229;10.46100351
CA;40;4.230151229;10.46100351
CA;41;0.109521168;5.613175624
CA;42;0.2529657;5.513580278
CA;43;0.322361009;6.58853703
CA;44;1.111404735;6.142432742
CA;45;1.111404735;6.142432742
CA;46;1.111404735;6.142432742
CA;47;1.111404735;6.142432742
CA;48;1.111404735;6.142432742
CA;49;1.111404735;6.142432742
CA;50;0.182628491;4.623970583
CA;51;0.182628491;4.623970583
CA;52;1.81485655;10.92786755
CA;53;1.81485655;10.92786755
CA;54;1.559169125;10.10245007
CA;55;1.559169125;10.10245007
CA;56;1.540781886;7.977653185
CA;57;1.057404396;6.482307543
CA;58;0.438280293;8.56236632
CA;59;0.286697282;5.448064374
CN;01;1.147772593;12.32200192
CN;02;1.147772593;12.32200192
CN;03;1.142795017;12.34364253
CN;04;1.141119691;12.32631858
CN;05;2.228303044;9.562481385
CN;06;2.228303044;9.562481385
CN;07;2.228303044;9.562481385
CN;08;2.216231071;9.557547498
CN;09;0.549081205;14.14972596
CN;10;0.774545305;8.389115638
CN;11;0.788688518;8.118719366
CN;12;0.788529672;8.121182465
CN;13;0.509726941;15.57947783
CN;14;0.509726941;15.57947783
CN;15;0.786671374;12.13775475
CN;16;0.786671374;12.13775475
CN;17;1.09393127;22.86704266
CN;18;0.786260901;12.15064389
CN;19;0.721240491;43.42933212
CN;20;0.721240491;43.42933212
CN;21;0.721240491;43.42933212
CN;22;0.751096454;21.39015274
CN;23;0.751096454;21.39015274
CN;24;0.751096454;21.39015274
CN;25;0.520388005;13.93748988
CN;26;0.612033277;12.01611492
CN;27;0.930250302;27.85838378
CN;28;0.717418654;12.32226433
CN;29;0.930250302;27.85838378
CN;30;0.930250302;27.85838378
CN;31;0.635951741;15.47169936
CN;32;0.637620611;15.59874064
CN;33;0.803726354;8.107648618
CN;34;3.906329265;17.34009955
CN;35;3.934554249;34.78212484
CN;36;3.934554249;34.78212484
CN;37;3.934554249;34.78212484
CN;38;3.934554249;34.78212484
CN;39;3.934554249;34.78212484
CN;40;3.911207915;17.34636161
CN;41;0.256637499;7.660220568
CN;42;0.939125476;13.72320656
CN;43;1.158498512;14.7081989
CN;44;2.28676641;13.68841282
CN;45;2.28676641;13.68841282
CN;46;2.289707888;13.6925892
CN;47;2.289707888;13.6925892
CN;48;2.29020521;13.69244924
CN;49;2.292639884;13.69986454
CN;50;1.135059613;11.24898671
CN;51;1.136334637;11.26687736
CN;52;7.885983299;16.17455822
CN;53;1.522884178;10.13394171
CN;54;0.941326242;9.737834495
CN;55;0.936433068;9.696806728
CN;56;5.106202324;18.92835552
CN;57;1.597119888;12.21419251
CN;58;1.19188305;11.16995279
CN;59;1.323884064;12.24322616
DE;01;2.929005433;15.64403916
DE;02;2.929005433;15.64403916
DE;03;1.462362992;32.51792115
DE;04;3.554395604;22.30689655
DE;05;1.25736899;11.5856943
DE;06;1.25736899;11.5856943
DE;07;1.25736899;11.5856943
DE;08;1.25736899;11.5856943
DE;09;0.295462393;7.918149339
DE;10;0.368832118;8.458240946
DE;11;0.28370832;8.301953819
DE;12;0.360564385;8.478220706
DE;13;0.137741418;6.712573496
DE;14;0.137741418;6.712573496
DE;15;0.602673567;9.512565343
DE;16;0.602673567;9.512565343
DE;17;0.816610396;8.77204779
DE;18;0.385683703;7.072414749
DE;19;0.401324405;7.549220224
DE;20;0.401324405;7.549220224
DE;21;0.401324405;7.549220224
DE;22;0.276812366;8.073345908
DE;23;0.276812366;8.073345908
DE;24;0.276812366;8.073345908
DE;25;0.324520218;7.103467996
DE;26;0.388185123;7.42334263
DE;27;0.729064361;6.085843516
DE;28;0.364077579;6.307087256
DE;29;0.729064361;6.085843516
DE;30;0.729064361;6.085843516
DE;31;0.48021342;4.559084356
DE;32;0.328780217;6.62984456
DE;33;0.326010513;7.054660243
DE;34;3.665718842;26.02543413
DE;35;1.459432295;14.03768253
DE;36;1.459432295;14.03768253
DE;37;1.459432295;14.03768253
DE;38;1.459432295;14.03768253
DE;39;1.459432295;14.03768253
DE;40;6.380215221;25.87308097
DE;41;0.178931253;7.21702117
DE;42;0.472969175;8.942347203
DE;43;0.598194598;12.86651695
DE;44;0.915835611;9.746700156
DE;45;0.915835611;9.746700156
DE;46;2.176902625;10.11071158
DE;47;2.176902625;10.11071158
DE;48;0.559434636;9.908462576
DE;49;1.993576904;12.81633015
DE;50;0.681779039;11.54963318
DE;51;0.681181014;20.67836866
DE;52;13.41277028;26.1904355
DE;53;0.549901679;5.601502666
DE;54;2.220728116;7.049348583
DE;55;0.788306076;5.473572037
DE;56;2.689263874;19.16454619
DE;57;1.878415762;14.33292412
DE;58;1.501025906;13.57786635
DE;59;1.387976986;17.31258761
ES;01;1.088913451;11.02183667
ES;02;1.088913451;11.02183667
ES;03;1.088913451;11.02183667
ES;04;1.088913451;11.02183667
ES;05;2.997105644;14.17351047
ES;06;2.997105644;14.17351047
ES;07;2.997105644;14.17351047
ES;08;2.997105644;14.17351047
ES;09;0.513092604;9.761474178
ES;10;0.513092604;9.761474178
ES;11;0.513092604;9.761474178
ES;12;0.513092604;9.761474178
ES;13;0.513092604;9.761474178
ES;14;0.513092604;9.761474178
ES;15;0.513092604;9.761474178
ES;16;0.513092604;9.761474178
ES;17;0.513092604;9.761474178
ES;18;0.513092604;9.761474178
ES;19;0.513092604;9.761474178
ES;20;0.513092604;9.761474178
ES;21;0.513092604;9.761474178
ES;22;0.513092604;9.761474178
ES;23;0.513092604;9.761474178
ES;24;0.513092604;9.761474178
ES;25;0.513092604;9.761474178
ES;26;0.513092604;9.761474178
ES;27;0.513092604;9.761474178
ES;28;0.513092604;9.761474178
ES;29;0.513092604;9.761474178
ES;30;0.513092604;9.761474178
ES;31;0.513092604;9.761474178
ES;32;0.513092604;9.761474178
ES;33;0.513092604;9.761474178
ES;34;2.436515897;14.30099777
ES;35;2.437100813;11.92691918
ES;36;2.437100813;11.92691918
ES;37;2.437100813;11.92691918
ES;38;2.437100813;11.92691918
ES;39;2.437100813;11.92691918
ES;40;2.436515897;14.30099777
ES;41;2.849391663;26.00167903
ES;42;0.903512529;13.47200712
ES;43;0.522851541;15.6463393
ES;44;2.018141308;14.5616618
ES;45;2.018141308;14.5616618
ES;46;2.018141308;14.5616618
ES;47;2.018141308;14.5616618
ES;48;2.018141308;14.5616618
ES;49;2.018141308;14.5616618
ES;50;0.87466814;12.46842878
ES;51;0.87466814;12.46842878
ES;52;10.54696824;35.02034168
ES;53;1.425617964;7.73691034
ES;54;0.763676638;8.080831511
ES;55;0.763676638;8.080831511
ES;56;5.314775696;34.69837721
ES;57;1.350289138;12.34191141
ES;58;0.675159288;12.314007
ES;59;1.6694616;23.90273718
FR;01;1.293188464;10.08826707
FR;02;1.293188464;10.08826707
FR;03;1.293188464;10.08826707
FR;04;1.293188464;10.08826707
FR;05;3.191542605;14.53486575
FR;06;3.191542605;14.53486575
FR;07;3.191542605;14.53486575
FR;08;3.191542605;14.53486575
FR;09;0.267544992;6.66844953
FR;10;0.301551227;6.208715028
FR;11;0.474997633;8.003378061
FR;12;0.474997633;8.003378061
FR;13;0.147419907;7.012606193
FR;14;0.147419907;7.012606193
FR;15;0.505069613;6.013793103
FR;16;0.505069613;6.013793103
FR;17;0.618146008;5.957359789
FR;18;0.4727867;6.031489253
FR;19;0.4727867;6.031489253
FR;20;0.4727867;6.031489253
FR;21;0.4727867;6.031489253
FR;22;0.474210042;7.290123685
FR;23;0.474210042;7.290123685
FR;24;0.474210042;7.290123685
FR;25;0.474210042;7.290123685
FR;26;0.368654206;5.151456743
FR;27;1.397444329;3.809882206
FR;28;0.445682424;4.23642732
FR;29;1.397444329;3.809882206
FR;30;1.397444329;3.809882206
FR;31;0.481276906;5.004721774
FR;32;0.481276906;5.004721774
FR;33;0.31480371;4.799941283
FR;34;1.341501581;8.602159755
FR;35;1.195612078;7.896774862
FR;36;1.195612078;7.896774862
FR;37;1.195612078;7.896774862
FR;38;1.195612078;7.896774862
FR;39;1.195612078;7.896774862
FR;40;1.341501581;8.602159755
FR;41;0.169636856;5.916890925
FR;42;0.256540575;5.726354015
FR;43;0.385995278;6.498960308
FR;44;0.80405339;6.856102752
FR;45;0.80405339;6.856102752
FR;46;0.80405339;6.856102752
FR;47;0.80405339;6.856102752
FR;48;0.80405339;6.856102752
FR;49;0.80405339;6.856102752
FR;50;0.445128322;4.956667193
FR;51;0.445128322;4.956667193
FR;52;15.74214373;29.86716398
FR;53;0.596914;3.473469434
FR;54;1.510758674;5.408779894
FR;55;0.458595834;4.108949848
FR;56;3.354101409;18.10333242
FR;57;0.958866793;12.20596998
FR;58;0.535766507;9.323240601
FR;59;1.10110431;10.39138458
ID;01;1.147772593;12.32200192
ID;02;1.147772593;12.32200192
ID;03;1.142795017;12.34364253
ID;04;1.141119691;12.32631858
ID;05;2.228303044;9.562481385
ID;06;2.228303044;9.562481385
ID;07;2.228303044;9.562481385
ID;08;2.216231071;9.557547498
ID;09;0.549081205;14.14972596
ID;10;0.774545305;8.389115638
ID;11;0.788688518;8.118719366
ID;12;0.788529672;8.121182465
ID;13;0.509726941;15.57947783
ID;14;0.509726941;15.57947783
ID;15;0.786671374;12.13775475
ID;16;0.786671374;12.13775475
ID;17;1.09393127;22.86704266
ID;18;0.786260901;12.15064389
ID;19;0.721240491;43.42933212
ID;20;0.721240491;43.42933212
ID;21;0.721240491;43.42933212
ID;22;0.751096454;21.39015274
ID;23;0.751096454;21.39015274
ID;24;0.751096454;21.39015274
ID;25;0.520388005;13.93748988
ID;26;0.612033277;12.01611492
ID;27;0.930250302;27.85838378
ID;28;0.717418654;12.32226433
ID;29;0.930250302;27.85838378
ID;30;0.930250302;27.85838378
ID;31;0.635951741;15.47169936
ID;32;0.637620611;15.59874064
ID;33;0.803726354;8.107648618
ID;34;3.906329265;17.34009955
ID;35;3.934554249;34.78212484
ID;36;3.934554249;34.78212484
ID;37;3.934554249;34.78212484
ID;38;3.934554249;34.78212484
ID;39;3.934554249;34.78212484
ID;40;3.911207915;17.34636161
ID;41;0.256637499;7.660220568
ID;42;0.939125476;13.72320656
ID;43;1.158498512;14.7081989
ID;44;2.28676641;13.68841282
ID;45;2.28676641;13.68841282
ID;46;2.289707888;13.6925892
ID;47;2.289707888;13.6925892
ID;48;2.29020521;13.69244924
ID;49;2.292639884;13.69986454
ID;50;1.135059613;11.24898671
ID;51;1.136334637;11.26687736
ID;52;7.885983299;16.17455822
ID;53;1.522884178;10.13394171
ID;54;0.941326242;9.737834495
ID;55;0.936433068;9.696806728
ID;56;5.106202324;18.92835552
ID;57;1.597119888;12.21419251
ID;58;1.19188305;11.16995279
ID;59;1.323884064;12.24322616
IN;01;1.147772593;12.32200192
IN;02;1.147772593;12.32200192
IN;03;1.142795017;12.34364253
IN;04;1.141119691;12.32631858
IN;05;2.228303044;9.562481385
IN;06;2.228303044;9.562481385
IN;07;2.228303044;9.562481385
IN;08;2.216231071;9.557547498
IN;09;0.549081205;14.14972596
IN;10;0.774545305;8.389115638
IN;11;0.788688518;8.118719366
IN;12;0.788529672;8.121182465
IN;13;0.509726941;15.57947783
IN;14;0.509726941;15.57947783
IN;15;0.786671374;12.13775475
IN;16;0.786671374;12.13775475
IN;17;1.09393127;22.86704266
IN;18;0.786260901;12.15064389
IN;19;0.721240491;43.42933212
IN;20;0.721240491;43.42933212
IN;21;0.721240491;43.42933212
IN;22;0.751096454;21.39015274
IN;23;0.751096454;21.39015274
IN;24;0.751096454;21.39015274
IN;25;0.520388005;13.93748988
IN;26;0.612033277;12.01611492
IN;27;0.930250302;27.85838378
IN;28;0.717418654;12.32226433
IN;29;0.930250302;27.85838378
IN;30;0.930250302;27.85838378
IN;31;0.635951741;15.47169936
IN;32;0.637620611;15.59874064
IN;33;0.803726354;8.107648618
IN;34;3.906329265;17.34009955
IN;35;3.934554249;34.78212484
IN;36;3.934554249;34.78212484
IN;37;3.934554249;34.78212484
IN;38;3.934554249;34.78212484
IN;39;3.934554249;34.78212484
IN;40;3.911207915;17.34636161
IN;41;0.256637499;7.660220568
IN;42;0.939125476;13.72320656
IN;43;1.158498512;14.7081989
IN;44;2.28676641;13.68841282
IN;45;2.28676641;13.68841282
IN;46;2.289707888;13.6925892
IN;47;2.289707888;13.6925892
IN;48;2.29020521;13.69244924
IN;49;2.292639884;13.69986454
IN;50;1.135059613;11.24898671
IN;51;1.136334637;11.26687736
IN;52;7.885983299;16.17455822
IN;53;1.522884178;10.13394171
IN;54;0.941326242;9.737834495
IN;55;0.936433068;9.696806728
IN;56;5.106202324;18.92835552
IN;57;1.597119888;12.21419251
IN;58;1.19188305;11.16995279
IN;59;1.323884064;12.24322616
IT;01;2.598577124;17.46938087
IT;02;2.598577124;17.46938087
IT;03;2.598577124;17.46938087
IT;04;2.598577124;17.46938087
IT;05;4.038137391;14.17990378
IT;06;4.038137391;14.17990378
IT;07;4.038137391;14.17990378
IT;08;4.038137391;14.17990378
IT;09;0.417526394;7.65984134
IT;10;0.327618999;7.200387729
IT;11;0.54886943;7.436435125
IT;12;0.54886943;7.436435125
IT;13;0.678926259;15.98095066
IT;14;0.678926259;15.98095066
IT;15;0.608459968;8.978981853
IT;16;0.608459968;8.978981853
IT;17;0.611806889;7.81826634
IT;18;0.635471166;8.783332208
IT;19;0.635471166;8.783332208
IT;20;0.635471166;8.783332208
IT;21;0.635471166;8.783332208
IT;22;0.468291034;7.987537962
IT;23;0.468291034;7.987537962
IT;24;0.468291034;7.987537962
IT;25;0.468291034;7.987537962
IT;26;0.392948642;6.437259281
IT;27;0.865714103;5.945398875
IT;28;0.498417766;7.493360136
IT;29;0.865714103;5.945398875
IT;30;0.865714103;5.945398875
IT;31;0.64384575;5.768795432
IT;32;0.64384575;5.768795432
IT;33;0.450740193;9.036603798
IT;34;2.030901513;17.85178462
IT;35;2.461316416;22.27415552
IT;36;2.461316416;22.27415552
IT;37;2.461316416;22.27415552
IT;38;2.461316416;22.27415552
IT;39;2.461316416;22.27415552
IT;40;2.030901513;17.85178462
IT;41;0.313694881;8.770106373
IT;42;0.520533086;9.778515332
IT;43;0.863487673;23.19218218
IT;44;1.650804044;15.27802912
IT;45;1.650804044;15.27802912
IT;46;1.650804044;15.27802912
IT;47;1.650804044;15.27802912
IT;48;1.650804044;15.27802912
IT;49;1.650804044;15.27802912
IT;50;0.735161253;16.47694338
IT;51;0.735161253;16.47694338
IT;52;12.87756421;38.92049945
IT;53;0.855080312;5.479214926
IT;54;2.58297421;6.09705757
IT;55;0.594427084;7.064827933
IT;56;4.743773389;34.34870087
IT;57;0.471409537;23.51538679
IT;58;0.554543833;13.35180261
IT;59;0.518411023;11.24692352
JP;01;1.429209341;11.16024134
JP;02;1.429209341;11.16024134
JP;03;1.429209341;11.16024134
JP;04;1.429209341;11.16024134
JP;05;3.172171366;14.36206897
JP;06;3.172171366;14.36206897
JP;07;3.172171366;14.36206897
JP;08;3.172171366;14.36206897
JP;09;0.572729863;8.877192076
JP;10;0.86112339;7.698487796
JP;11;0.86112339;7.698487796
JP;12;0.86112339;7.698487796
JP;13;0.330520908;18.27782719
JP;14;0.330520908;18.27782719
JP;15;0.86112339;7.698487796
JP;16;0.86112339;7.698487796
JP;17;1.551240752;9.603196218
JP;18;0.86112339;7.698487796
JP;19;1.369932914;12.19510984
JP;20;1.369932914;12.19510984
JP;21;1.369932914;12.19510984
JP;22;0.664482295;11.80995986
JP;23;0.664482295;11.80995986
JP;24;0.664482295;11.80995986
JP;25;0.54663758;7.872868612
JP;26;0.842583892;6.441070539
JP;27;1.424438789;6.441345697
JP;28;1.104895105;5.435173748
JP;29;1.424438789;6.441345697
JP;30;1.424438789;6.441345697
JP;31;0.762006135;6.213998625
JP;32;0.762006135;6.213998625
JP;33;0.86112339;7.698487796
JP;34;6.504875017;28.8505332
JP;35;6.504875017;28.8505332
JP;36;6.504875017;28.8505332
JP;37;6.504875017;28.8505332
JP;38;6.504875017;28.8505332
JP;39;6.504875017;28.8505332
JP;40;6.504875017;28.8505332
JP;41;0.336717765;7.118570217
JP;42;0.621700381;7.664902683
JP;43;0.486205571;11.50329716
JP;44;3.099525897;17.56066959
JP;45;3.099525897;17.56066959
JP;46;3.099525897;17.56066959
JP;47;3.099525897;17.56066959
JP;48;3.099525897;17.56066959
JP;49;3.099525897;17.56066959
JP;50;0.282949724;3.964347703
JP;51;0.282949724;3.964347703
JP;52;5.921949114;17.3865758
JP;53;1.095809168;8.548643283
JP;54;0.611571524;5.280037097
JP;55;0.611571524;5.280037097
JP;56;11.58910544;33.83679724
JP;57;1.73845586;9.330706037
JP;58;0.625506639;7.629043784
JP;59;0.814543333;8.733014433
KR;01;1.115799731;13.24072862
KR;02;1.115799731;13.24072862
KR;03;1.115799731;13.24072862
KR;04;1.115799731;13.24072862
KR;05;0.838530546;12.06255411
KR;06;0.838530546;12.06255411
KR;07;0.838530546;12.06255411
KR;08;0.838530546;12.06255411
KR;09;0.445922559;NaN
KR;10;0.371409131;NaN
KR;11;0.267597326;NaN
KR;12;0.267597326;NaN
KR;13;0.405592636;NaN
KR;14;0.405592636;NaN
KR;15;0.722951866;NaN
KR;16;0.722951866;NaN
KR;17;1.241238418;NaN
KR;18;0.722951866;NaN
KR;19;0.722951866;NaN
KR;20;0.722951866;NaN
KR;21;0.722951866;NaN
KR;22;0.873704113;NaN
KR;23;0.873704113;NaN
KR;24;0.873704113;NaN
KR;25;0.374774862;NaN
KR;26;0.468742804;NaN
KR;27;0.971171717;NaN
KR;28;0.670414544;NaN
KR;29;0.971171717;NaN
KR;30;0.971171717;NaN
KR;31;0.585961362;NaN
KR;32;0.585961362;NaN
KR;33;0.380395763;NaN
KR;34;2.822237573;13.09457304
KR;35;2.679330961;NaN
KR;36;2.679330961;NaN
KR;37;2.679330961;NaN
KR;38;2.679330961;NaN
KR;39;2.679330961;NaN
KR;40;2.822237573;13.09457304
KR;41;0.198542306;8.128978351
KR;42;0.494053864;NaN
KR;43;0.472718805;NaN
KR;44;2.754745322;12.7766437
KR;45;2.754745322;12.7766437
KR;46;2.754745322;12.7766437
KR;47;2.754745322;12.7766437
KR;48;2.754745322;12.7766437
KR;49;2.754745322;12.7766437
KR;50;0.669303273;9.72641706
KR;51;0.669303273;9.72641706
KR;52;9.536885036;14.9696442
KR;53;1.550467793;8.25794534
KR;54;0.430344831;7.481983274
KR;55;0.430344831;7.481983274
KR;56;7.668878437;16.29606401
KR;57;1.309588935;11.57817056
KR;58;0.757766097;8.780181586
KR;59;1.486685477;15.00277725
MX;01;1.147772593;12.32200192
MX;02;1.147772593;12.32200192
MX;03;1.142795017;12.34364253
MX;04;1.141119691;12.32631858
MX;05;2.228303044;9.562481385
MX;06;2.228303044;9.562481385
MX;07;2.228303044;9.562481385
MX;08;2.216231071;9.557547498
MX;09;0.549081205;14.14972596
MX;10;0.774545305;8.389115638
MX;11;0.788688518;8.118719366
MX;12;0.788529672;8.121182465
MX;13;0.509726941;15.57947783
MX;14;0.509726941;15.57947783
MX;15;0.786671374;12.13775475
MX;16;0.786671374;12.13775475
MX;17;1.09393127;22.86704266
MX;18;0.786260901;12.15064389
MX;19;0.721240491;43.42933212
MX;20;0.721240491;43.42933212
MX;21;0.721240491;43.42933212
MX;22;0.751096454;21.39015274
MX;23;0.751096454;21.39015274
MX;24;0.751096454;21.39015274
MX;25;0.520388005;13.93748988
MX;26;0.612033277;12.01611492
MX;27;0.930250302;27.85838378
MX;28;0.717418654;12.32226433
MX;29;0.930250302;27.85838378
MX;30;0.930250302;27.85838378
MX;31;0.635951741;15.47169936
MX;32;0.637620611;15.59874064
MX;33;0.803726354;8.107648618
MX;34;3.906329265;17.34009955
MX;35;3.934554249;34.78212484
MX;36;3.934554249;34.78212484
MX;37;3.934554249;34.78212484
MX;38;3.934554249;34.78212484
MX;39;3.934554249;34.78212484
MX;40;3.911207915;17.34636161
MX;41;0.256637499;7.660220568
MX;42;0.939125476;13.72320656
MX;43;1.158498512;14.7081989
MX;44;2.28676641;13.68841282
MX;45;2.28676641;13.68841282
MX;46;2.289707888;13.6925892
MX;47;2.289707888;13.6925892
MX;48;2.29020521;13.69244924
MX;49;2.292639884;13.69986454
MX;50;1.135059613;11.24898671
MX;51;1.136334637;11.26687736
MX;52;7.885983299;16.17455822
MX;53;1.522884178;10.13394171
MX;54;0.941326242;9.737834495
MX;55;0.936433068;9.696806728
MX;56;5.106202324;18.92835552
MX;57;1.597119888;12.21419251
MX;58;1.19188305;11.16995279
MX;59;1.323884064;12.24322616
OE;01;2.003398017;18.82216614
OE;02;2.003398017;18.82216614
OE;03;1.973506845;20.38878853
OE;04;2.009160287;20.72071575
OE;05;2.500175303;14.57014604
OE;06;2.500175303;14.57014604
OE;07;2.500175303;14.57014604
OE;08;2.403903574;13.28633138
OE;09;0.690198925;8.997733751
OE;10;0.693596145;8.970220802
OE;11;0.692429099;8.974298638
OE;12;0.694862366;8.984839859
OE;13;0.688217512;8.957390867
OE;14;0.688217512;8.957390867
OE;15;0.692848299;8.983191218
OE;16;0.692848299;8.983191218
OE;17;0.696501069;8.976089362
OE;18;0.689732629;8.929905439
OE;19;0.695403331;8.996223081
OE;20;0.695403331;8.996223081
OE;21;0.695403331;8.996223081
OE;22;0.689687049;8.972186816
OE;23;0.689687049;8.972186816
OE;24;0.689687049;8.972186816
OE;25;0.690197023;8.945246395
OE;26;0.691706754;8.943585611
OE;27;0.688502789;8.80353479
OE;28;0.688852199;8.896346494
OE;29;0.688502789;8.80353479
OE;30;0.688502789;8.80353479
OE;31;0.673803378;8.736014601
OE;32;0.693221799;8.917707021
OE;33;0.691396982;8.954799001
OE;34;3.325802414;21.53128697
OE;35;2.852405957;18.79255983
OE;36;2.852405957;18.79255983
OE;37;2.852405957;18.79255983
OE;38;2.852405957;18.79255983
OE;39;2.852405957;18.79255983
OE;40;3.5491232;22.43326812
OE;41;0.504005241;10.42891621
OE;42;0.758630045;10.48672152
OE;43;0.816391195;16.44509568
OE;44;2.184298804;12.18433986
OE;45;2.184298804;12.18433986
OE;46;2.297636982;12.30827878
OE;47;2.297636982;12.30827878
OE;48;2.278258548;12.2512195
OE;49;2.392115264;12.87385685
OE;50;0.635666839;8.669823697
OE;51;0.625899453;11.17306609
OE;52;10.16644609;29.19272194
OE;53;1.433379165;8.725902156
OE;54;0.859441226;7.880894946
OE;55;0.75424478;7.348999384
OE;56;6.398274731;26.02752065
OE;57;2.098034637;21.929302
OE;58;0.967357981;16.3424877
OE;59;1.989962851;15.14295971
RU;01;1.147772593;12.32200192
RU;02;1.147772593;12.32200192
RU;03;1.142795017;12.34364253
RU;04;1.141119691;12.32631858
RU;05;2.228303044;9.562481385
RU;06;2.228303044;9.562481385
RU;07;2.228303044;9.562481385
RU;08;2.216231071;9.557547498
RU;09;0.549081205;14.14972596
RU;10;0.774545305;8.389115638
RU;11;0.788688518;8.118719366
RU;12;0.788529672;8.121182465
RU;13;0.509726941;15.57947783
RU;14;0.509726941;15.57947783
RU;15;0.786671374;12.13775475
RU;16;0.786671374;12.13775475
RU;17;1.09393127;22.86704266
RU;18;0.786260901;12.15064389
RU;19;0.721240491;43.42933212
RU;20;0.721240491;43.42933212
RU;21;0.721240491;43.42933212
RU;22;0.751096454;21.39015274
RU;23;0.751096454;21.39015274
RU;24;0.751096454;21.39015274
RU;25;0.520388005;13.93748988
RU;26;0.612033277;12.01611492
RU;27;0.930250302;27.85838378
RU;28;0.717418654;12.32226433
RU;29;0.930250302;27.85838378
RU;30;0.930250302;27.85838378
RU;31;0.635951741;15.47169936
RU;32;0.637620611;15.59874064
RU;33;0.803726354;8.107648618
RU;34;3.906329265;17.34009955
RU;35;3.934554249;34.78212484
RU;36;3.934554249;34.78212484
RU;37;3.934554249;34.78212484
RU;38;3.934554249;34.78212484
RU;39;3.934554249;34.78212484
RU;40;3.911207915;17.34636161
RU;41;0.256637499;7.660220568
RU;42;0.939125476;13.72320656
RU;43;1.158498512;14.7081989
RU;44;2.28676641;13.68841282
RU;45;2.28676641;13.68841282
RU;46;2.289707888;13.6925892
RU;47;2.289707888;13.6925892
RU;48;2.29020521;13.69244924
RU;49;2.292639884;13.69986454
RU;50;1.135059613;11.24898671
RU;51;1.136334637;11.26687736
RU;52;7.885983299;16.17455822
RU;53;1.522884178;10.13394171
RU;54;0.941326242;9.737834495
RU;55;0.936433068;9.696806728
RU;56;5.106202324;18.92835552
RU;57;1.597119888;12.21419251
RU;58;1.19188305;11.16995279
RU;59;1.323884064;12.24322616
UK;01;1.537568572;9.55023082
UK;02;1.537568572;9.55023082
UK;03;0.616145416;5.615103532
UK;04;0.768760196;7.970401691
UK;05;3.83181247;16.53417781
UK;06;3.83181247;16.53417781
UK;07;3.83181247;16.53417781
UK;08;3.83181247;16.53417781
UK;09;0.356782171;8.849945064
UK;10;0.225953474;9.512125535
UK;11;0.314202715;8.34695201
UK;12;0.46379254;10.31774768
UK;13;0.159282046;8.492227979
UK;14;0.159282046;8.492227979
UK;15;0.587294173;11.33538742
UK;16;0.587294173;11.33538742
UK;17;0.551631391;6.33324178
UK;18;0.359698452;8.424057085
UK;19;0.515671922;10.53546973
UK;20;0.515671922;10.53546973
UK;21;0.515671922;10.53546973
UK;22;0.72579442;16.9942839
UK;23;0.72579442;16.9942839
UK;24;0.72579442;16.9942839
UK;25;0.431177185;8.104333516
UK;26;0.33347247;5.875465778
UK;27;0.478273945;6.433860488
UK;28;0.293214875;7.790983607
UK;29;0.478273945;6.433860488
UK;30;0.478273945;6.433860488
UK;31;0.557871773;4.940103869
UK;32;0.494559636;4.821469907
UK;33;0.277979344;6.841681214
UK;34;2.344137514;19.28609097
UK;35;1.146009683;12.22589576
UK;36;1.146009683;12.22589576
UK;37;1.146009683;12.22589576
UK;38;1.146009683;12.22589576
UK;39;1.146009683;12.22589576
UK;40;7.087786397;19.93802404
UK;41;0.221731756;2.594855008
UK;42;0.531785331;9.725235634
UK;43;0.514441667;9.474269049
UK;44;0.99182073;12.45011489
UK;45;0.99182073;12.45011489
UK;46;1.024481928;3.44905433
UK;47;1.024481928;3.44905433
UK;48;2.002347956;15.33840948
UK;49;2.743244201;12.87870963
UK;50;0.242584325;4.944164038
UK;51;0.25390117;12.32542334
UK;52;6.047904065;18.17601667
UK;53;0.646301091;5.232254807
UK;54;0.812278031;8.525275367
UK;55;0.355917117;5.179653066
UK;56;2.321844489;27.32048186
UK;57;1.006807191;5.554541383
UK;58;0.381370105;11.14352146
UK;59;0.658610475;8.592023512
US;01;1.480723239;11.86693032
US;02;1.480723239;11.86693032
US;03;1.480723239;11.86693032
US;04;1.480723239;11.86693032
US;05;4.223622108;13.933494
US;06;4.223622108;13.933494
US;07;4.223622108;13.933494
US;08;4.223622108;13.933494
US;09;0.378777606;10.61537626
US;10;0.842302305;18.6435953
US;11;0.411499723;9.69682711
US;12;0.566705033;10.99124598
US;13;0.481218247;10.23946166
US;14;0.481218247;10.23946166
US;15;0.851912081;8.212752559
US;16;0.851912081;8.212752559
US;17;1.254370237;7.711824143
US;18;0.460962519;7.93989331
US;19;0.65528837;10.07023705
US;20;0.65528837;10.07023705
US;21;0.65528837;10.07023705
US;22;0.706545314;13.97025352
US;23;0.706545314;13.97025352
US;24;0.706545314;13.97025352
US;25;0.522650035;10.69834849
US;26;0.645089231;9.791783614
US;27;1.537174518;5.204505678
US;28;0.62192225;8.781254914
US;29;1.537174518;5.204505678
US;30;1.537174518;5.204505678
US;31;0.389444664;5.456746892
US;32;0.57056993;5.979462262
US;33;0.482972551;7.930567493
US;34;7.3040546;21.7940812
US;35;7.3040546;21.7940812
US;36;7.3040546;21.7940812
US;37;7.3040546;21.7940812
US;38;7.3040546;21.7940812
US;39;7.3040546;21.7940812
US;40;7.3040546;21.7940812
US;41;0.218987605;5.79546627
US;42;0.588786233;10.31188958
US;43;0.709844453;14.03287327
US;44;1.569474892;12.07576587
US;45;1.569474892;12.07576587
US;46;1.057475169;10.11035556
US;47;1.057475169;10.11035556
US;48;1.329494799;10.56696658
US;49;0.728886434;8.746290352
US;50;0.517429903;6.423986603
US;51;0.517429903;6.423986603
US;52;6.787078056;27.60175831
US;53;1.128219923;5.930734304
US;54;0.490885983;5.654544926
US;55;0.490885983;5.654544926
US;56;3.484874119;17.87525887
US;57;2.291359718;25.77196473
US;58;0.789462665;12.11074346
US;59;1.683264224;15.07059431
WA;01;0.756402591;9.043238809
WA;02;0.756402591;9.043238809
WA;03;0.42612503;6.832293292
WA;04;0.8493351;6.260020209
WA;05;2.957432141;16.4490774
WA;06;2.957432141;16.4490774
WA;07;2.957432141;16.4490774
WA;08;2.957432141;16.4490774
WA;09;0.32545148;7.809888948
WA;10;0.266029377;10.14222222
WA;11;0.336167585;9.815533981
WA;12;0.368484605;9.957851801
WA;13;0.335585117;9.269856459
WA;14;0.335585117;9.269856459
WA;15;0.388959186;7.903446389
WA;16;0.388959186;7.903446389
WA;17;0.484107449;7.464521452
WA;18;0.347277088;8.030995106
WA;19;0.417025004;6.679846939
WA;20;0.417025004;6.679846939
WA;21;0.417025004;6.679846939
WA;22;0.543094199;9.68494898
WA;23;0.543094199;9.68494898
WA;24;0.543094199;9.68494898
WA;25;0.212707406;6.952380952
WA;26;0.472151742;4.839517919
WA;27;0.472151742;4.839517919
WA;28;0.472151742;4.839517919
WA;29;0.472151742;4.839517919
WA;30;0.472151742;4.839517919
WA;31;0.291881075;7.017182131
WA;32;0.291881075;7.017182131
WA;33;0.27699594;7.609665428
WA;34;2.995316788;17.33490966
WA;35;2.319281135;21.24238208
WA;36;2.319281135;21.24238208
WA;37;2.319281135;21.24238208
WA;38;2.319281135;21.24238208
WA;39;2.319281135;21.24238208
WA;40;2.995316788;17.33490966
WA;41;0.235394934;6.240994197
WA;42;0.36110435;6.835737179
WA;43;0.711331727;11.54517231
WA;44;2.842440949;11.77272548
WA;45;2.842440949;11.77272548
WA;46;2.842440949;11.77272548
WA;47;2.842440949;11.77272548
WA;48;2.842440949;11.77272548
WA;49;2.842440949;11.77272548
WA;50;0.75909979;5.086060606
WA;51;0.147767784;5.076404494
WA;52;7.487843383;19.14604297
WA;53;1.54310501;8.347310669
WA;54;0.528865176;4.491759233
WA;55;0.528865176;4.491759233
WA;56;1.224727992;9.490546755
WA;57;2.005058696;12.1025595
WA;58;0.74233448;14.16822945
WA;59;1.004023338;12.32962625
WE;01;1.259510253;9.942759955
WE;02;1.259510253;9.942759955
WE;03;1.212385221;9.860348629
WE;04;1.131834356;9.704816714
WE;05;1.629270489;9.507339578
WE;06;1.629270489;9.507339578
WE;07;1.629270489;9.507339578
WE;08;1.169428069;9.634825218
WE;09;0.896742628;9.564640291
WE;10;1.165593502;9.702301025
WE;11;1.151885639;9.771853353
WE;12;1.146652631;9.838226057
WE;13;1.142516425;9.823494629
WE;14;1.142516425;9.823494629
WE;15;1.160325492;9.793318638
WE;16;1.160325492;9.793318638
WE;17;1.156033534;9.78063475
WE;18;1.166484486;9.700690954
WE;19;1.149859;9.706410778
WE;20;1.149859;9.706410778
WE;21;1.149859;9.706410778
WE;22;1.180445191;10.65026716
WE;23;1.180445191;10.65026716
WE;24;1.180445191;10.65026716
WE;25;1.133485681;9.653831821
WE;26;0.937428255;10.3402606
WE;27;0.95006937;10.330446
WE;28;0.947904395;10.35636623
WE;29;0.95006937;10.330446
WE;30;0.95006937;10.330446
WE;31;0.952269353;10.36387233
WE;32;0.942854465;10.3822555
WE;33;1.106751258;9.609342527
WE;34;1.726056938;12.12328513
WE;35;1.841737378;12.17489053
WE;36;1.841737378;12.17489053
WE;37;1.841737378;12.17489053
WE;38;1.841737378;12.17489053
WE;39;1.841737378;12.17489053
WE;40;1.733883349;12.12894752
WE;41;0.816288431;9.384497271
WE;42;0.85197882;9.234045106
WE;43;1.060018143;9.535187574
WE;44;1.056279929;9.724039028
WE;45;1.056279929;9.724039028
WE;46;1.028827659;9.554022416
WE;47;1.028827659;9.554022416
WE;48;1.015177401;9.043590326
WE;49;1.257015426;10.12103041
WE;50;1.021225079;9.304660438
WE;51;1.108667239;9.652767645
WE;52;5.207935639;19.89550817
WE;53;1.037977967;8.632662246
WE;54;1.221961188;9.001756999
WE;55;0.926832518;8.371376177
WE;56;1.853426979;18.44334255
WE;57;1.62033457;19.55673193
WE;58;1.485894846;20.71669374
WE;59;1.108279658;10.28712384
WF;01;1.147772593;12.32200192
WF;02;1.147772593;12.32200192
WF;03;1.142795017;12.34364253
WF;04;1.141119691;12.32631858
WF;05;2.228303044;9.562481385
WF;06;2.228303044;9.562481385
WF;07;2.228303044;9.562481385
WF;08;2.216231071;9.557547498
WF;09;0.549081205;14.14972596
WF;10;0.774545305;8.389115638
WF;11;0.788688518;8.118719366
WF;12;0.788529672;8.121182465
WF;13;0.509726941;15.57947783
WF;14;0.509726941;15.57947783
WF;15;0.786671374;12.13775475
WF;16;0.786671374;12.13775475
WF;17;1.09393127;22.86704266
WF;18;0.786260901;12.15064389
WF;19;0.721240491;43.42933212
WF;20;0.721240491;43.42933212
WF;21;0.721240491;43.42933212
WF;22;0.751096454;21.39015274
WF;23;0.751096454;21.39015274
WF;24;0.751096454;21.39015274
WF;25;0.520388005;13.93748988
WF;26;0.612033277;12.01611492
WF;27;0.930250302;27.85838378
WF;28;0.717418654;12.32226433
WF;29;0.930250302;27.85838378
WF;30;0.930250302;27.85838378
WF;31;0.635951741;15.47169936
WF;32;0.637620611;15.59874064
WF;33;0.803726354;8.107648618
WF;34;3.906329265;17.34009955
WF;35;3.934554249;34.78212484
WF;36;3.934554249;34.78212484
WF;37;3.934554249;34.78212484
WF;38;3.934554249;34.78212484
WF;39;3.934554249;34.78212484
WF;40;3.911207915;17.34636161
WF;41;0.256637499;7.660220568
WF;42;0.939125476;13.72320656
WF;43;1.158498512;14.7081989
WF;44;2.28676641;13.68841282
WF;45;2.28676641;13.68841282
WF;46;2.289707888;13.6925892
WF;47;2.289707888;13.6925892
WF;48;2.29020521;13.69244924
WF;49;2.292639884;13.69986454
WF;50;1.135059613;11.24898671
WF;51;1.136334637;11.26687736
WF;52;7.885983299;16.17455822
WF;53;1.522884178;10.13394171
WF;54;0.941326242;9.737834495
WF;55;0.936433068;9.696806728
WF;56;5.106202324;18.92835552
WF;57;1.597119888;12.21419251
WF;58;1.19188305;11.16995279
WF;59;1.323884064;12.24322616
WL;01;0.723712074;9.816029214
WL;02;0.723712074;9.816029214
WL;03;0.723712074;9.816029214
WL;04;0.723712074;9.816029214
WL;05;2.386863219;9.100934908
WL;06;2.386863219;9.100934908
WL;07;2.386863219;9.100934908
WL;08;2.386863219;9.100934908
WL;09;0.599225786;10.48337041
WL;10;0.599225786;10.48337041
WL;11;0.599225786;10.48337041
WL;12;0.599225786;10.48337041
WL;13;0.599225786;10.48337041
WL;14;0.599225786;10.48337041
WL;15;0.599225786;10.48337041
WL;16;0.599225786;10.48337041
WL;17;0.599225786;10.48337041
WL;18;0.599225786;10.48337041
WL;19;0.599225786;10.48337041
WL;20;0.599225786;10.48337041
WL;21;0.599225786;10.48337041
WL;22;0.599225786;10.48337041
WL;23;0.599225786;10.48337041
WL;24;0.599225786;10.48337041
WL;25;0.599225786;10.48337041
WL;26;0.599225786;10.48337041
WL;27;0.599225786;10.48337041
WL;28;0.599225786;10.48337041
WL;29;0.599225786;10.48337041
WL;30;0.599225786;10.48337041
WL;31;0.599225786;10.48337041
WL;32;0.599225786;10.48337041
WL;33;0.599225786;10.48337041
WL;34;2.281957092;7.534858576
WL;35;2.281957092;7.534858576
WL;36;2.281957092;7.534858576
WL;37;2.281957092;7.534858576
WL;38;2.281957092;7.534858576
WL;39;2.281957092;7.534858576
WL;40;2.281957092;7.534858576
WL;41;0.30660635;6.945173756
WL;42;1.721239694;12.96028534
WL;43;1.721239694;12.96028534
WL;44;1.721239694;12.96028534
WL;45;1.721239694;12.96028534
WL;46;1.721239694;12.96028534
WL;47;1.721239694;12.96028534
WL;48;1.721239694;12.96028534
WL;49;1.721239694;12.96028534
WL;50;1.721239694;12.96028534
WL;51;1.721239694;12.96028534
WL;52;7.311570702;18.80894747
WL;53;1.744818866;13.35025838
WL;54;1.721239694;12.96028534
WL;55;1.721239694;12.96028534
WL;56;1.721239694;12.96028534
WL;57;1.721239694;12.96028534
WL;58;1.721239694;12.96028534
WL;59;1.647895277;11.82285089
WM;01;0.663274494;8.983581236
WM;02;0.663274494;8.983581236
WM;03;0.663274494;8.983581236
WM;04;0.663274494;8.983581236
WM;05;1.312167855;10.06103828
WM;06;1.312167855;10.06103828
WM;07;1.312167855;10.06103828
WM;08;1.312167855;10.06103828
WM;09;1.312167855;10.06103828
WM;10;1.312167855;10.06103828
WM;11;1.312167855;10.06103828
WM;12;1.312167855;10.06103828
WM;13;1.312167855;10.06103828
WM;14;1.312167855;10.06103828
WM;15;1.312167855;10.06103828
WM;16;1.312167855;10.06103828
WM;17;1.312167855;10.06103828
WM;18;1.312167855;10.06103828
WM;19;1.312167855;10.06103828
WM;20;1.312167855;10.06103828
WM;21;1.312167855;10.06103828
WM;22;1.312167855;10.06103828
WM;23;1.312167855;10.06103828
WM;24;1.312167855;10.06103828
WM;25;1.312167855;10.06103828
WM;26;1.312167855;10.06103828
WM;27;1.312167855;10.06103828
WM;28;1.312167855;10.06103828
WM;29;1.312167855;10.06103828
WM;30;1.312167855;10.06103828
WM;31;1.312167855;10.06103828
WM;32;1.312167855;10.06103828
WM;33;1.312167855;10.06103828
WM;34;2.309118153;9.933632803
WM;35;2.309118153;9.933632803
WM;36;2.309118153;9.933632803
WM;37;2.309118153;9.933632803
WM;38;2.309118153;9.933632803
WM;39;2.309118153;9.933632803
WM;40;2.309118153;9.933632803
WM;41;0.17666674;4.591445007
WM;42;0.571315327;10.67976769
WM;43;0.868331399;11.90576563
WM;44;2.797539525;10.45839148
WM;45;2.797539525;10.45839148
WM;46;2.797539525;10.45839148
WM;47;2.797539525;10.45839148
WM;48;2.797539525;10.45839148
WM;49;2.797539525;10.45839148
WM;50;0.202701276;4.413332874
WM;51;0.202701276;4.413332874
WM;52;6.35040994;14.7103786
WM;53;0.627759176;4.133328139
WM;54;0.296548866;3.996933751
WM;55;0.296548866;3.996933751
WM;56;0.499882609;9.683546916
WM;57;1.50183752;10.04744824
WM;58;0.527724898;10.14047893
WM;59;1.233061811;10.77251123
