Region_NeW_cd;Variable_NeW_cd;Sector_NeW;Commodity_NeW_nm;Value_TJ;Share
AU;DFINENP;05;ELEC;22908.2832;0.21044367338571168
AU;DFINENP;05;GAS;4.674;1.1302509515000952e-05
AU;DFINENP;05;OIL;123178.4286;0.627041450048734
AU;DFINENP;06;ELEC;28103.932800000002;0.25817276674042466
AU;DFINENP;06;OIL;5994.00231;0.030512549500553227
AU;DFINENP;07;ELEC;28103.932800000002;0.25817276674042466
AU;DFINENP;07;GAS;59799.443;0.1446050007486643
AU;DFINENP;13;COMB;19023.0;0.5323203492276696
AU;DFINENP;13;ELEC;479.8404;0.0044079853358399744
AU;DFINENP;14;ELEC;3705.6348000000003;0.034041285098916844
AU;DFINENP;14;GAS;4511.107;0.010908607143921136
AU;DFINENP;14;OIL;49479.0862;0.2518739548032707
AU;DFINENP;17;COMB;16713.0;0.4676796507723304
AU;DFINENP;17;ELEC;1401.336;0.012873173118780007
AU;DFINENP;17;GAS;23070.422;0.055788118136518454
AU;DFINENP;17;OIL;17776.132700000002;0.09048964296064026
AU;DFINENP;38;ELEC;24154.117199999997;0.22188834957990217
AU;DFINENP;38;GAS;326150.834;0.7886869714613811
AU;DFINENP;38;OIL;16.1875;8.240268680180162e-05
BR;DFINENP;06;ELEC;41403.6;0.3138833547119347
BR;DFINENP;06;OIL;39646.0;0.19201821087809368
BR;DFINENP;07;ELEC;41403.6;0.3138833547119347
BR;DFINENP;07;GAS;187531.0;0.6456100609010882
BR;DFINENP;13;COMB;8330.0;1.0
BR;DFINENP;14;ELEC;15037.2;0.11399798040446495
BR;DFINENP;14;GAS;102940.0;0.35438993909891175
BR;DFINENP;14;OIL;166824.0;0.8079817891219063
BR;DFINENP;17;ELEC;34063.200000000004;0.2582353101716656
BR;DFINENP;17;SBM;548933.2006;1.0
CA;DFINENP;05;ELEC;5922.0;0.04292573456500182
CA;DFINENP;05;GAS;3325.0;0.0020738373412968686
CA;DFINENP;06;ELEC;55378.8;0.4014143311935703
CA;DFINENP;06;OIL;452582.1145;0.7228846371360856
CA;DFINENP;07;ELEC;55378.8;0.4014143311935703
CA;DFINENP;07;GAS;1536512.0;0.9583386348724013
CA;DFINENP;14;ELEC;21279.600000000002;0.15424560304785764
CA;DFINENP;14;GAS;63471.0;0.03958752778630182
CA;DFINENP;14;OIL;173495.8117;0.27711536286391436
CN;DFINENP;05;COMB;2898608.5387999997;0.7542799682433299
CN;DFINENP;05;ELEC;369633.60000000003;0.3129965065448937
CN;DFINENP;05;GAS;63214.020000000004;0.06623058053965658
CN;DFINENP;05;HEAT;7055.0;0.009811674265209208
CN;DFINENP;05;OIL;88651.44;0.03097548440331881
CN;DFINENP;06;ELEC;156398.4;0.13243426146651954
CN;DFINENP;06;HEAT;27782.6;0.038638387163798915
CN;DFINENP;06;OIL;213187.914;0.07448947140715448
CN;DFINENP;07;ELEC;156398.4;0.13243426146651954
CN;DFINENP;07;GAS;518979.3;0.5437448896156991
CN;DFINENP;07;HEAT;27782.6;0.038638387163798915
CN;DFINENP;13;COMB;913304.1704;0.23766128865783523
CN;DFINENP;14;ELEC;431614.8;0.3654806396741881
CN;DFINENP;14;GAS;318801.57;0.3340147179067866
CN;DFINENP;14;HEAT;634408.5;0.8822975978851845
CN;DFINENP;14;OIL;2557360.46;0.8935611090174532
CN;DFINENP;17;OIL;1000.98;0.00034974999140492316
CN;DFINENP;17;SBM;559.0;1.0
CN;DFINENP;38;COMB;30968.794799999992;0.008058743098834826
CN;DFINENP;38;ELEC;66906.0;0.056654330847879235
CN;DFINENP;38;GAS;53458.770000000004;0.05600981193785773
CN;DFINENP;38;HEAT;22012.7;0.030613953522008613
CN;DFINENP;38;OIL;1786.4099999999999;0.0006241851806686135
DE;DFINENP;05;COMB;21.28;0.00066870191289284
DE;DFINENP;05;ELEC;205.20000000000002;0.004927385892116182
DE;DFINENP;05;GAS;231.609;0.003398035169852536
DE;DFINENP;05;OIL;86.0;0.00039622772773994933
DE;DFINENP;06;ELEC;1944.0;0.0466804979253112
DE;DFINENP;06;HEAT;29.0;0.0021198830409356723
DE;DFINENP;07;ELEC;1944.0;0.0466804979253112
DE;DFINENP;07;GAS;8119.631;0.11912659570321064
DE;DFINENP;07;HEAT;29.0;0.0021198830409356723
DE;DFINENP;13;COMB;31192.569;0.9801941051852398
DE;DFINENP;13;ELEC;16041.6;0.38520055325034575
DE;DFINENP;13;GAS;135.198;0.0019835479575220443
DE;DFINENP;13;HEAT;10065.0;0.7357456140350878
DE;DFINENP;13;SBM;235.00000345499998;0.3395953757416197
DE;DFINENP;14;COMB;609.0;0.01913719290186746
DE;DFINENP;14;ELEC;21510.0;0.5165110650069156
DE;DFINENP;14;GAS;59673.245;0.8754918211694147
DE;DFINENP;14;HEAT;3557.0;0.2600146198830409
DE;DFINENP;14;OIL;216758.9;0.9986730978419871
DE;DFINENP;14;SBM;130.0000023;0.1878612722485925
DE;DFINENP;17;BG;17.0;1.0
DE;DFINENP;17;MW;308.0;1.0
DE;DFINENP;17;OIL;202.0;0.0009306744302729042
DE;DFINENP;17;SBM;327.00000438;0.47254335200978775
ES;DFINENP;05;ELEC;1202.4;0.042412698412698416
ES;DFINENP;05;GAS;40.0;0.00028550627400037115
ES;DFINENP;05;OIL;473.0;0.0023866480915140783
ES;DFINENP;06;ELEC;860.4;0.030349206349206348
ES;DFINENP;06;OIL;129.0;0.0006509040249583851
ES;DFINENP;07;ELEC;860.4;0.030349206349206348
ES;DFINENP;07;GAS;562.0;0.004011363149705215
ES;DFINENP;13;COMB;6902.966;0.5338734842767568
ES;DFINENP;13;ELEC;36.0;0.0012698412698412698
ES;DFINENP;13;GAS;373.0;0.002662346005053461
ES;DFINENP;14;ELEC;14886.0;0.525079365079365
ES;DFINENP;14;GAS;131204.0;0.9364891293486174
ES;DFINENP;14;OIL;197583.9;0.9969624478835275
ES;DFINENP;17;COMB;6027.0;0.4661265157232432
ES;DFINENP;17;ELEC;10504.800000000001;0.37053968253968256
ES;DFINENP;17;GAS;7923.0;0.056551655222623516
FR;DFINENP;05;ELEC;106.074;0.003816849762756847
FR;DFINENP;05;GAS;2.376;8.647557021466905e-05
FR;DFINENP;06;ELEC;1202.526;0.04327036858993665
FR;DFINENP;07;ELEC;1202.526;0.04327036858993665
FR;DFINENP;07;GAS;122.393;0.004454547333873733
FR;DFINENP;13;COMB;12548.219;0.20482943064827172
FR;DFINENP;14;ELEC;9128.847600000001;0.32848237830480054
FR;DFINENP;14;GAS;27351.199;0.9954589770959116
FR;DFINENP;14;OIL;56229.234599999996;1.0
FR;DFINENP;17;COMB;48713.577999999994;0.7951705693517283
FR;DFINENP;17;ELEC;16151.007599999999;0.5811600347525692
ID;DFINENP;05;OIL;4671.52;0.029626482300456124
ID;DFINENP;06;OIL;7.095;4.499603810360143e-05
ID;DFINENP;07;GAS;216060.0;1.0
ID;DFINENP;14;OIL;151920.02;0.9634670907145725
ID;DFINENP;17;COMB;61669.712100000004;1.0
ID;DFINENP;17;OIL;1081.9142;0.006861430946867859
IN;DFINENP;05;COMB;4366.962;0.05087922560189413
IN;DFINENP;07;GAS;34408.0;0.09926090894929063
IN;DFINENP;13;COMB;61097.0;0.7118376680628147
IN;DFINENP;13;ELEC;1206.0;0.05934455270150576
IN;DFINENP;14;ELEC;19116.0;0.9406554472984943
IN;DFINENP;14;GAS;312234.0;0.9007390910507094
IN;DFINENP;14;OIL;765765.0;1.0
IN;DFINENP;17;COMB;20366.0;0.23728310633529118
IT;DFINENP;05;ELEC;860.6880000000001;0.02382709272394657
IT;DFINENP;06;ELEC;603.5076;0.016707368459658384
IT;DFINENP;06;HEAT;39.942;0.0007290717287971449
IT;DFINENP;07;ELEC;603.5076;0.016707368459658384
IT;DFINENP;07;GAS;13432.043;0.18835760755248765
IT;DFINENP;07;HEAT;39.942;0.0007290717287971449
IT;DFINENP;13;COMB;1960.234;1.0
IT;DFINENP;13;ELEC;158.27400000000003;0.0043816217651343106
IT;DFINENP;13;HEAT;368.579;0.006727768482507708
IT;DFINENP;14;ELEC;21565.7208;0.5970205569966621
IT;DFINENP;14;GAS;52004.737;0.7292626924077249
IT;DFINENP;14;HEAT;35776.828;0.6530437594721872
IT;DFINENP;14;OIL;127513.56210000001;1.0
IT;DFINENP;17;ELEC;12330.543599999999;0.3413559915949402
IT;DFINENP;17;GAS;1251.072;0.017543789042062014
IT;DFINENP;17;HEAT;18559.442;0.33877032858771067
IT;DFINENP;38;GAS;4623.539;0.06483591099772545
JP;DFINENP;07;GAS;4812.224;0.13203565049046412
JP;DFINENP;13;COMB;119462.565;0.9774485340222611
JP;DFINENP;13;ELEC;9658.1088;0.1932052004796844
JP;DFINENP;13;GAS;605.715;0.016619337345234027
JP;DFINENP;13;OIL;283.0633;0.0009654961495532297
JP;DFINENP;14;COMB;2756.212605;0.02255146597773895
JP;DFINENP;14;ELEC;37900.3464;0.7581757646446772
JP;DFINENP;14;GAS;8788.253;0.24112815644695107
JP;DFINENP;14;OIL;292896.0448;0.9990345038504468
JP;DFINENP;38;ELEC;2430.4104;0.04861903487563839
JP;DFINENP;38;GAS;22240.207;0.6102168557173508
KR;DFINENP;06;OIL;5162.6178;0.020380860782012185
KR;DFINENP;13;COMB;59959.954;0.4424729032551958
KR;DFINENP;14;ELEC;51957.1584;1.0
KR;DFINENP;14;GAS;96185.027;0.9479368603762475
KR;DFINENP;14;HEAT;1324.288;1.0
KR;DFINENP;14;OIL;248144.53420000002;0.9796191392179878
KR;DFINENP;17;COMB;75551.065;0.5575270967448042
KR;DFINENP;38;GAS;5282.73;0.05206313962375259
MX;DFINENP;06;ELEC;9114.75;0.3822635740842093
MX;DFINENP;07;ELEC;9114.75;0.3822635740842093
MX;DFINENP;07;GAS;516036.0;0.7371900731995817
MX;DFINENP;13;COMB;1690.5;0.12784058683404545
MX;DFINENP;14;ELEC;5614.650000000001;0.23547285183158134
MX;DFINENP;14;GAS;171841.0;0.24548574008148524
MX;DFINENP;14;OIL;151335.7;1.0
MX;DFINENP;17;COMB;11533.0;0.8721594131659546
MX;DFINENP;17;GAS;12127.0;0.017324186718933033
NL;DFINENP;06;ELEC;7752.4308;0.2731171405767837
NL;DFINENP;06;HEAT;1.371;0.00010962261913623934
NL;DFINENP;07;ELEC;7752.4308;0.2731171405767837
NL;DFINENP;07;GAS;24215.27;0.3397436485622571
NL;DFINENP;07;HEAT;1.371;0.00010962261913623934
NL;DFINENP;13;COMB;8476.923999999999;0.42557693628448173
NL;DFINENP;13;ELEC;324.44280000000003;0.011430078139713976
NL;DFINENP;13;HEAT;970.0;0.0775594023064567
NL;DFINENP;14;ELEC;10123.3188;0.35664322005985494
NL;DFINENP;14;GAS;44832.132;0.629001126087164
NL;DFINENP;14;HEAT;10519.175;0.8410937378938368
NL;DFINENP;14;OIL;109012.70270000001;1.0
NL;DFINENP;17;COMB;11441.74;0.5744230637155183
NL;DFINENP;17;ELEC;2432.3796;0.08569242064686357
NL;DFINENP;17;GAS;2227.72;0.03125522535057884
NL;DFINENP;17;HEAT;1014.626;0.08112761456143397
OE;DFINENP;05;COMB;10924.141607199997;0.08028114079176199
OE;DFINENP;05;ELEC;30644.2692;0.21249049542607198
OE;DFINENP;05;GAS;494.168;0.0022685789041259246
OE;DFINENP;05;HEAT;4563.251;0.061685014008811295
OE;DFINENP;05;IW;0.958;0.0008552326759587666
OE;DFINENP;05;OIL;2940.9672;0.007346950584885231
OE;DFINENP;06;ELEC;9744.9552;0.06757251559299304
OE;DFINENP;06;HEAT;1726.123;0.023333347527000243
OE;DFINENP;06;OIL;1037.96;0.002592970376918
OE;DFINENP;07;ELEC;9744.9552;0.06757251559299304
OE;DFINENP;07;GAS;55050.608;0.2527210340776939
OE;DFINENP;07;HEAT;1726.123;0.023333347527000243
OE;DFINENP;13;COMB;83262.40646500001;0.6118925602055502
OE;DFINENP;13;ELEC;4497.2064;0.031184088931358874
OE;DFINENP;13;GAS;350.222;0.001607765458226331
OE;DFINENP;13;HEAT;10368.143;0.14015425542017276
OE;DFINENP;13;OIL;9.373999999999999;2.3417573233293504e-05
OE;DFINENP;14;COMB;688.36976;0.0050588056807070346
OE;DFINENP;14;ELEC;52865.6184;0.36657560248888776
OE;DFINENP;14;GAS;152992.85199999998;0.7023448635469309
OE;DFINENP;14;HEAT;36981.816999999995;0.49991199250628454
OE;DFINENP;14;LBF;887.9517999999998;0.9996685603608549
OE;DFINENP;14;OIL;383496.7197;0.9580288583638344
OE;DFINENP;14;SBM;1.026;0.024105447702136656
OE;DFINENP;17;BG;974.4449999999999;1.0
OE;DFINENP;17;COMB;41198.65436;0.30276749332198094
OE;DFINENP;17;ELEC;35274.0564;0.24459391317849427
OE;DFINENP;17;GAS;4401.974;0.020208158668531376
OE;DFINENP;17;HEAT;18276.557;0.2470584402606471
OE;DFINENP;17;IW;1119.205;0.9991447673240411
OE;DFINENP;17;LBF;0.2944;0.00033143963914509297
OE;DFINENP;17;OIL;12811.6557;0.03200532169772692
OE;DFINENP;17;SBM;41.536992925;0.9758945522978633
OE;DFINENP;38;ELEC;1443.7152;0.010010868789200907
OE;DFINENP;38;GAS;4541.7;0.020849599344491574
OE;DFINENP;38;HEAT;334.64099999999996;0.004523602750083793
OE;DFINENP;38;OIL;0.9933;2.4814034022434863e-06
RU;DFINENP;05;COMB;10075.54656;0.18001289624974556
RU;DFINENP;05;ELEC;31590.36;0.03183508951281205
RU;DFINENP;05;HEAT;18988.774;0.03028666148707393
RU;DFINENP;05;OIL;76292.32;0.5347493594732984
RU;DFINENP;06;ELEC;371708.28;0.3745878922067809
RU;DFINENP;06;HEAT;105501.515;0.16827251044108757
RU;DFINENP;06;OIL;52297.484;0.3665643680919005
RU;DFINENP;07;ELEC;371708.28;0.3745878922067809
RU;DFINENP;07;GAS;471352.508;0.9080207779246068
RU;DFINENP;07;HEAT;105501.515;0.16827251044108757
RU;DFINENP;13;COMB;45895.702;0.8199871037502544
RU;DFINENP;14;ELEC;108847.8;0.10969104043995266
RU;DFINENP;14;HEAT;384590.392;0.6134129045764126
RU;DFINENP;14;IW;5682.567;1.0
RU;DFINENP;17;ELEC;108457.86600000001;0.1092980856336735
RU;DFINENP;17;GAS;46280.312;0.08915511043559254
RU;DFINENP;17;HEAT;12386.016;0.01975541305433839
RU;DFINENP;17;OIL;14079.502;0.09868627243480108
RU;DFINENP;38;GAS;1465.993;0.002824111639800648
UK;DFINENP;05;ELEC;1392.1056;0.051281207994593604
UK;DFINENP;05;GAS;290.0;0.0012566298055257045
UK;DFINENP;06;ELEC;2171.3184;0.07998518969601745
UK;DFINENP;06;OIL;24018.8;0.14364022366414497
UK;DFINENP;07;ELEC;2171.3184;0.07998518969601745
UK;DFINENP;07;GAS;197558.0;0.8560595555863695
UK;DFINENP;13;COMB;7589.054;0.40783111859879917
UK;DFINENP;14;ELEC;16342.6788;0.602017771303869
UK;DFINENP;14;GAS;9640.0;0.0417721080181648
UK;DFINENP;14;HEAT;14376.569;1.0
UK;DFINENP;14;OIL;143196.2;0.8563597763358551
UK;DFINENP;17;COMB;11019.271;0.5921688814012008
UK;DFINENP;17;ELEC;5069.084400000001;0.18673064130950248
UK;DFINENP;17;GAS;12788.0;0.055413041217457625
UK;DFINENP;38;GAS;10500.0;0.04549866537248241
US;DFINENP;05;COMB;480.41900000000004;0.009461458871292204
US;DFINENP;05;ELEC;28408.4352;0.02714000003150362
US;DFINENP;05;GAS;1368.668;0.00026911098724441234
US;DFINENP;05;LBF;2208.0;0.15000000000000002
US;DFINENP;05;OIL;70643.159;0.04780462724409259
US;DFINENP;06;ELEC;374975.2872;0.35823265993971676
US;DFINENP;06;LBF;12511.999999999998;0.85
US;DFINENP;06;OIL;271935.8;0.18402050159342553
US;DFINENP;07;ELEC;374975.2872;0.35823265993971676
US;DFINENP;07;GAS;4044233.098;0.7951874096927146
US;DFINENP;13;COMB;21847.0;0.4302587781938699
US;DFINENP;13;ELEC;1482.354;0.0014161669702490167
US;DFINENP;14;ELEC;212144.3064;0.20267207404578602
US;DFINENP;14;GAS;1029404.413;0.2024041168904254
US;DFINENP;14;HEAT;61749.042;1.0
US;DFINENP;14;OIL;1135150.8916;0.7681630607535168
US;DFINENP;17;COMB;28449.0;0.5602797629348379
US;DFINENP;17;ELEC;54751.0716;0.05230643907302776
US;DFINENP;17;GAS;10880.555;0.0021393624296156023
US;DFINENP;17;OIL;17.4528;1.1810408964945907e-05
WA;DFINENP;05;COMB;9038.6588106;0.1001425662241064
WA;DFINENP;05;ELEC;1945.7640000000001;0.017591425354279308
WA;DFINENP;05;GAS;10.701;1.0055343765447819e-05
WA;DFINENP;05;HEAT;497.9;0.006586141137314005
WA;DFINENP;05;OIL;216.376;0.00042865164210053024
WA;DFINENP;06;ELEC;45556.6716;0.4118725538353141
WA;DFINENP;06;HEAT;27748.0;0.3670460821012031
WA;DFINENP;06;OIL;52123.62169999999;0.10325949289168773
WA;DFINENP;07;ELEC;45556.6716;0.4118725538353141
WA;DFINENP;07;GAS;218798.302;0.20559687336756088
WA;DFINENP;07;HEAT;27748.0;0.3670460821012031
WA;DFINENP;13;COMB;44755.395000000004;0.49586118931908485
WA;DFINENP;14;ELEC;14176.9332;0.12817199934853563
WA;DFINENP;14;GAS;30759.905;0.028903973363939555
WA;DFINENP;14;HEAT;19604.237;0.25932169466027977
WA;DFINENP;14;LBF;0.13699999999999998;1.0
WA;DFINENP;14;OIL;350436.0162;0.6942312169339392
WA;DFINENP;17;COMB;36463.857;0.40399624445680876
WA;DFINENP;17;ELEC;1543.806;0.013957369963926006
WA;DFINENP;17;GAS;294700.9047;0.27691981167619634
WA;DFINENP;17;OIL;102005.746;0.20207846769784815
WA;DFINENP;38;ELEC;1828.8144000000002;0.016534097662630774
WA;DFINENP;38;GAS;519940.447;0.48856928624853774
WA;DFINENP;38;OIL;1.0957999999999999;2.1708344243990135e-06
WE;DFINENP;05;COMB;72.96000000000001;0.0025090413135225352
WE;DFINENP;05;ELEC;9870.181199999999;0.11626650660773186
WE;DFINENP;05;HEAT;2737.0;0.140729468138761
WE;DFINENP;05;OIL;186.405;0.003618324352196972
WE;DFINENP;06;ELEC;32944.464;0.38807167403818127
WE;DFINENP;06;HEAT;1913.0;0.09836151719015337
WE;DFINENP;06;OIL;15298.166599999999;0.29695409861723854
WE;DFINENP;07;ELEC;32944.464;0.38807167403818127
WE;DFINENP;07;GAS;237514.50600000002;0.9675372776779428
WE;DFINENP;07;HEAT;1913.0;0.09836151719015337
WE;DFINENP;13;COMB;14817.335652;0.509557391820153
WE;DFINENP;13;ELEC;1522.296;0.01793199479893275
WE;DFINENP;13;HEAT;8239.0;0.42362809206987645
WE;DFINENP;14;ELEC;4495.2155999999995;0.05295171422593329
WE;DFINENP;14;GAS;7015.135;0.028576800359483116
WE;DFINENP;14;HEAT;4043.0;0.20788061369565608
WE;DFINENP;14;OIL;32768.364199999996;0.6360696878652367
WE;DFINENP;17;COMB;14188.54;0.4879335668663244
WE;DFINENP;17;ELEC;2930.7096;0.03452250370780865
WE;DFINENP;17;GAS;474.93;0.0019346712208288673
WE;DFINENP;17;HEAT;129.663;0.0066669364367103285
WE;DFINENP;17;OIL;3264.0046;0.06335788916532785
WE;DFINENP;38;ELEC;185.4;0.002183932583230943
WE;DFINENP;38;GAS;479.0;0.0019512507417451571
WE;DFINENP;38;HEAT;474.0;0.024371855278689337
WF;DFINENP;05;COMB;504.44842;0.00074968031790036
WF;DFINENP;05;ELEC;11820.456000000002;0.18086589078376394
WF;DFINENP;06;ELEC;3539.5704;0.05415929414126186
WF;DFINENP;06;OIL;51289.1863;0.32726629007313673
WF;DFINENP;07;ELEC;3539.5704;0.05415929414126186
WF;DFINENP;07;GAS;443393.311;0.6159943603629096
WF;DFINENP;13;COMB;902.13381;0.00134069596544571
WF;DFINENP;14;ELEC;31837.773600000004;0.4871527192128462
WF;DFINENP;14;GAS;36820.08;0.051153143417878855
WF;DFINENP;14;OIL;104451.3344;0.666483583933883
WF;DFINENP;17;ELEC;91.17;0.0013950006042707454
WF;DFINENP;17;GAS;9506.418;0.01320700996152928
WF;DFINENP;17;OIL;979.52;0.006250125992980296
WF;DFINENP;17;SBM;235.09527838;1.0
WF;DFINENP;38;COMB;671478.1233639999;0.9979096237166538
WF;DFINENP;38;ELEC;14526.27;0.22226780111659536
WF;DFINENP;38;GAS;230081.117;0.3196454862576823
WL;DFINENP;05;ELEC;30.780000000000005;0.0005548887156078514
WL;DFINENP;05;GAS;3816.258;0.005538360175103463
WL;DFINENP;06;ELEC;20069.676;0.3618075613484639
WL;DFINENP;06;OIL;60849.402;0.19971995016299948
WL;DFINENP;07;ELEC;20069.676;0.3618075613484639
WL;DFINENP;07;GAS;449917.0533;0.6529439807519886
WL;DFINENP;13;COMB;3748.4260000000004;0.15226420345157696
WL;DFINENP;14;ELEC;14700.664800000002;0.26501731674637924
WL;DFINENP;14;GAS;50920.191;0.07389813737516221
WL;DFINENP;14;LBF;12.0704;1.0
WL;DFINENP;14;OIL;242112.0784007;0.7946604344944594
WL;DFINENP;17;COMB;20869.481;0.8477357965484231
WL;DFINENP;17;ELEC;27.36;0.0004932344138736457
WL;DFINENP;17;GAS;38302.166000000005;0.055586176509712384
WL;DFINENP;17;OIL;1712.1486;0.005619615342541071
WL;DFINENP;17;SBM;1417.7479998012;1.0
WL;DFINENP;38;ELEC;572.4252;0.010319437427211418
WL;DFINENP;38;GAS;146103.526;0.21203334518803327
WM;DFINENP;05;ELEC;3935.9664000000002;0.027867325512790198
WM;DFINENP;06;ELEC;2440.9008;0.017282001476951123
WM;DFINENP;06;OIL;180130.22819999998;0.24775523948665754
WM;DFINENP;07;ELEC;2440.9008;0.017282001476951123
WM;DFINENP;07;GAS;1185067.247;0.5395231595945291
WM;DFINENP;13;COMB;24762.597999999998;0.49972504622269565
WM;DFINENP;13;ELEC;239.88600000000002;0.00169843453134183
WM;DFINENP;14;ELEC;71268.552;0.5045937224995657
WM;DFINENP;14;GAS;412308.88800000004;0.18771103036203213
WM;DFINENP;14;OIL;541424.7232;0.7446879588220789
WM;DFINENP;17;COMB;24789.847264000004;0.5002749537773044
WM;DFINENP;17;ELEC;59767.5141;0.42316437724544037
WM;DFINENP;17;GAS;7828.988;0.0035642874721924143
WM;DFINENP;17;OIL;5494.166;0.007556801691263562
WM;DFINENP;38;ELEC;1145.754;0.008112137256959667
WM;DFINENP;38;GAS;591303.4530000001;0.26920152257124624
