Region_splitted;Variable_NeW;Sector_OMNIA;Share
AU;DFINENPBG;AGR;0.0
AU;DFINENPCOMB;AGR;0.0
AU;DFINENPELEC;AGR;0.460712320477471
AU;DFINENPGAS;AGR;0.4993563074636066
AU;DFINENPGEO;AGR;0.0
AU;DFINENPHEAT;AGR;0.0
AU;DFINENPLBF;AGR;0.0
AU;DFINENPMW;AGR;0.0
AU;DFINENPOIL;AGR;0.8031685201684905
AU;DFINENPSBM;AGR;0.0
AU;DFINENPSOLT;AGR;0.0
AU;DFINENPOIL;AVB;0.7953985772341726
AU;DFINENPOIL;AVD;0.8961754682316219
AU;DFINENPBG;ICH;0.0
AU;DFINENPCOMB;ICH;0.997702858303959
AU;DFINENPELEC;ICH;0.9048497464786774
AU;DFINENPGAS;ICH;0.5576016733561097
AU;DFINENPHEAT;ICH;0.0
AU;DFINENPIW;ICH;1.0
AU;DFINENPLBF;ICH;0.0
AU;DFINENPMW;ICH;0.0
AU;DFINENPOIL;ICH;1.0
AU;DFINENPSBM;ICH;1.0
AU;DFINENPSOLT;ICH;0.0
AU;DFINENPBG;ICM;0.0
AU;DFINENPCOMB;ICM;0.0
AU;DFINENPELEC;ICM;0.8553276512431104
AU;DFINENPGAS;ICM;0.8532883789673517
AU;DFINENPHEAT;ICM;0.0
AU;DFINENPIW;ICM;0.0
AU;DFINENPLBF;ICM;0.0
AU;DFINENPOIL;ICM;0.801254382356364
AU;DFINENPSBM;ICM;0.0
AU;DFINENPSOLT;ICM;0.0
AU;DFINENPCOMB;IIS;0.8697154355894814
AU;DFINENPELEC;IIS;0.7247444321273597
AU;DFINENPGAS;IIS;0.9879545104877173
AU;DFINENPHEAT;IIS;0.0
AU;DFINENPIW;IIS;0.0
AU;DFINENPLBF;IIS;0.0
AU;DFINENPMW;IIS;0.0
AU;DFINENPOIL;IIS;1.0
AU;DFINENPSBM;IIS;0.0
AU;DFINENPSOLT;IIS;0.0
AU;DFINENPBG;INF;0.0
AU;DFINENPCOMB;INF;1.0
AU;DFINENPELEC;INF;0.8599522521585742
AU;DFINENPGAS;INF;0.9791588958744399
AU;DFINENPHEAT;INF;0.0
AU;DFINENPIW;INF;0.0
AU;DFINENPLBF;INF;0.0
AU;DFINENPOIL;INF;1.0
AU;DFINENPSBM;INF;1.0
AU;DFINENPSOLT;INF;0.0
AU;DFINENPBG;INM;1.0
AU;DFINENPCOMB;INM;0.8140234756630549
AU;DFINENPELEC;INM;0.9209292607814629
AU;DFINENPGAS;INM;0.9601401045727517
AU;DFINENPHEAT;INM;0.0
AU;DFINENPIW;INM;0.0
AU;DFINENPLBF;INM;0.0
AU;DFINENPMW;INM;0.0
AU;DFINENPOIL;INM;1.0
AU;DFINENPSBM;INM;1.0
AU;DFINENPSOLT;INM;0.0
AU;DFINENPBG;IOI;0.9488082990301197
AU;DFINENPCOMB;IOI;0.5198988818702807
AU;DFINENPELEC;IOI;0.8360970398092866
AU;DFINENPGAS;IOI;0.6742277574719571
AU;DFINENPGEO;IOI;0.0
AU;DFINENPHEAT;IOI;0.0
AU;DFINENPIW;IOI;1.0
AU;DFINENPLBF;IOI;0.0
AU;DFINENPMW;IOI;0.0
AU;DFINENPOIL;IOI;0.9029596161665702
AU;DFINENPSBM;IOI;0.8381202786296914
AU;DFINENPSOLT;IOI;0.0
AU;DFINENPGAS;NAB;0.0
AU;DFINENPLBF;NAB;0.0
AU;DFINENPOIL;NAB;0.7007595508651223
AU;DFINENPGAS;NAD;0.0
AU;DFINENPLBF;NAD;0.0
AU;DFINENPOIL;NAD;0.8696032521163362
AU;DFINENPCOMB;OTH;0.0
AU;DFINENPELEC;OTH;0.0
AU;DFINENPGAS;OTH;0.0
AU;DFINENPHEAT;OTH;0.0
AU;DFINENPLBF;OTH;0.0
AU;DFINENPOIL;OTH;1.0
AU;DFINENPSBM;OTH;1.0
AU;DFINENPSOLT;OTH;0.0
AU;DFINENPBG;OTH OwnUses;0.0
AU;DFINENPCOMB;OTH OwnUses;0.914141392663175
AU;DFINENPELEC;OTH OwnUses;0.9687447905752967
AU;DFINENPGAS;OTH OwnUses;0.9753077770332444
AU;DFINENPHEAT;OTH OwnUses;0.0
AU;DFINENPIW;OTH OwnUses;0.0
AU;DFINENPLBF;OTH OwnUses;0.0
AU;DFINENPMW;OTH OwnUses;0.0
AU;DFINENPOIL;OTH OwnUses;0.9295372606936159
AU;DFINENPSBM;OTH OwnUses;0.0
AU;DFINENPBG;OTH_TR;0.0
AU;DFINENPELEC;OTH_TR;1.0
AU;DFINENPGAS;OTH_TR;1.0
AU;DFINENPLBF;OTH_TR;0.0
AU;DFINENPOIL;OTH_TR;1.0
AU;DFINENPBG;PWR OwnUses;0.0
AU;DFINENPCOMB;PWR OwnUses;0.0
AU;DFINENPELEC;PWR OwnUses;0.900599123327527
AU;DFINENPGAS;PWR OwnUses;0.0
AU;DFINENPHEAT;PWR OwnUses;0.0
AU;DFINENPLBF;PWR OwnUses;0.0
AU;DFINENPMW;PWR OwnUses;0.0
AU;DFINENPOIL;PWR OwnUses;1.0
AU;DFINENPSBM;PWR OwnUses;0.0
AU;DFINENPELEC;Pipeline;1.0
AU;DFINENPGAS;Pipeline;1.0
AU;DFINENPCOMB;RAI;0.0
AU;DFINENPELEC;RAI;0.9777192292188152
AU;DFINENPLBF;RAI;0.0
AU;DFINENPOIL;RAI;1.0
AU;DFINENPBG;RES;0.0
AU;DFINENPCOMB;RES;0.07861160200238375
AU;DFINENPELEC;RES;0.8272038475276693
AU;DFINENPGAS;RES;0.9585147736179953
AU;DFINENPGEO;RES;0.0
AU;DFINENPHEAT;RES;0.0
AU;DFINENPLBF;RES;0.0
AU;DFINENPOIL;RES;0.7666764916750489
AU;DFINENPSBM;RES;0.466066568433244
AU;DFINENPSOLT;RES;0.9791947416195533
AU;DFINENPBG;ROA;0.0
AU;DFINENPELEC;ROA;0.4025478346753269
AU;DFINENPGAS;ROA;1.0
AU;DFINENPLBF;ROA;0.9700379308314182
AU;DFINENPOIL;ROA;0.8531786916348529
AU;DFINENPBG;SRV;0.6502976190476191
AU;DFINENPCOMB;SRV;0.45328756252064417
AU;DFINENPELEC;SRV;0.8794213977643193
AU;DFINENPGAS;SRV;0.8429998319838992
AU;DFINENPGEO;SRV;0.0
AU;DFINENPHEAT;SRV;0.0
AU;DFINENPIW;SRV;0.0
AU;DFINENPLBF;SRV;0.0
AU;DFINENPMW;SRV;0.0
AU;DFINENPOIL;SRV;0.7351687320665092
AU;DFINENPSBM;SRV;1.0
AU;DFINENPSOLT;SRV;1.0
AU;DINTENPCOMB;Blast furnace;0.770349196091254
AU;DINTENPOIL;Blast furnace;0.0
AU;DINTENPSBM;Blast furnace;0.0
AU;DINTENPCOMB;Coke oven;0.8608078235127435
AU;DINTENPGAS;Coke oven;0.0
AU;DINTENPOIL;Coke oven;0.0
AU;DINTENPBG;HEAT;0.0
AU;DINTENPCOMB;HEAT;0.0
AU;DINTENPGAS;HEAT;0.0
AU;DINTENPGEO;HEAT;0.0
AU;DINTENPHEAT;HEAT;0.0
AU;DINTENPIW;HEAT;0.0
AU;DINTENPLBF;HEAT;0.0
AU;DINTENPMW;HEAT;0.0
AU;DINTENPOIL;HEAT;0.0
AU;DINTENPSBM;HEAT;0.0
AU;DINTENPSOLT;HEAT;0.0
AU;DINTENPBG;Other;0.0
AU;DINTENPCOMB;Other;0.0
AU;DINTENPGAS;Other;1.0
AU;DINTENPLBF;Other;0.0
AU;DINTENPOIL;Other;0.9245327592195168
AU;DINTENPSBM;Other;0.0
AU;DINTENPBG;PG;0.828745970484416
AU;DINTENPCOMB;PG;0.9858194641648168
AU;DINTENPGAS;PG;0.9196807844518605
AU;DINTENPGEO;PG;0.0
AU;DINTENPHEAT;PG;0.0
AU;DINTENPIW;PG;0.0
AU;DINTENPLBF;PG;0.0
AU;DINTENPMW;PG;0.0
AU;DINTENPOIL;PG;0.9991488597950361
AU;DINTENPSBM;PG;0.6381730241206676
AU;DINTENPSOLT;PG;1.0
AU;DINTENPOIL;Refineries;0.8013439302413712
AU;DNONENPCOMB;Non energy;0.0
AU;DNONENPGAS;Non energy;0.4992893892471862
AU;DNONENPOIL;Non energy;0.9173941503714863
AU;DSTOCKPBG;BG;0.0
AU;DSTOCKPCOMB;COMB;1.1251162388490457
AU;DSTOCKPGAS;GAS;1.049559748651225
AU;DSTOCKPIW;IW;0.0
AU;DSTOCKPLBF;LBF;0.0
AU;DSTOCKPMW;MW;0.0
AU;DSTOCKPOIL;OIL;1.8860478756700978
AU;DSTOCKPSBM;SBM;0.0
AU;EXPPBG;BG;0.0
AU;EXPPCOMB;COMB;0.996076018993999
AU;EXPPELEC;ELEC;0.0
AU;EXPPGAS;GAS;1.0
AU;EXPPLBF;LBF;0.0
AU;EXPPMW;MW;0.0
AU;EXPPOIL;OIL;0.925353922174233
AU;EXPPSBM;SBM;0.0
AU;IMPPBG;BG;0.0
AU;IMPPCOMB;COMB;0.3995389071499071
AU;IMPPELEC;ELEC;0.0
AU;IMPPGAS;GAS;1.0
AU;IMPPHEAT;HEAT;0.0
AU;IMPPIW;IW;0.0
AU;IMPPLBF;LBF;0.0
AU;IMPPMW;MW;0.0
AU;IMPPOIL;OIL;0.853716250482888
AU;IMPPSBM;SBM;0.0
AU;PRODPBG;Production;0.8294762476110321
AU;PRODPCOMB;Production;0.9920672653840853
AU;PRODPGAS;Production;0.967308767683238
AU;PRODPGEO;Production;0.0
AU;PRODPHYD;Production;0.3841629491857824
AU;PRODPIW;Production;1.0
AU;PRODPLBF;Production;0.9721802915411191
AU;PRODPMW;Production;0.0
AU;PRODPNUC;Production;0.0
AU;PRODPOIL;Production;0.8515853188036624
AU;PRODPOTH_URN;Production;0.0
AU;PRODPPV;Production;0.9914505721932056
AU;PRODPSBM;Production;0.8114078415469268
AU;PRODPTID;Production;0.0
AU;PRODPWD;Production;0.8870440189584624
AU;DINTENPNUC;PG;0.0
AU;DINTENPNUC;HT;0.0
AU;DINTENPPV;PG;0.9914505721932056
AU;DINTENPPV;HT;0.9914505721932056
AU;DINTENPWD;PG;0.8870440189584624
AU;DINTENPWD;HT;0.8870440189584624
AU;DINTENPHYD;PG;0.3841629491857824
AU;DINTENPHYD;HT;0.3841629491857824
AU;DINTENPTID;PG;0.0
AU;DINTENPTID;HT;0.0
ID;DFINENPBG;AGR;0.0
ID;DFINENPCOMB;AGR;0.0
ID;DFINENPELEC;AGR;0.059522848545748595
ID;DFINENPGAS;AGR;0.0
ID;DFINENPGEO;AGR;0.0
ID;DFINENPHEAT;AGR;0.0
ID;DFINENPLBF;AGR;0.0
ID;DFINENPMW;AGR;0.0
ID;DFINENPOIL;AGR;0.12664195304044357
ID;DFINENPSBM;AGR;0.0
ID;DFINENPSOLT;AGR;0.0
ID;DFINENPOIL;AVB;0.23900803883855842
ID;DFINENPOIL;AVD;0.6519928828894886
ID;DFINENPBG;ICH;0.0
ID;DFINENPCOMB;ICH;0.5370597283776477
ID;DFINENPELEC;ICH;0.7553443435436566
ID;DFINENPGAS;ICH;0.6790193071093468
ID;DFINENPHEAT;ICH;0.0
ID;DFINENPIW;ICH;0.0
ID;DFINENPLBF;ICH;0.0
ID;DFINENPMW;ICH;0.0
ID;DFINENPOIL;ICH;0.382428132177699
ID;DFINENPSBM;ICH;1.0
ID;DFINENPSOLT;ICH;0.0
ID;DFINENPBG;ICM;0.0
ID;DFINENPCOMB;ICM;0.0
ID;DFINENPELEC;ICM;0.0
ID;DFINENPGAS;ICM;0.0
ID;DFINENPHEAT;ICM;0.0
ID;DFINENPIW;ICM;0.0
ID;DFINENPLBF;ICM;0.0
ID;DFINENPOIL;ICM;0.0
ID;DFINENPSBM;ICM;0.0
ID;DFINENPSOLT;ICM;0.0
ID;DFINENPCOMB;IIS;0.10855436344083254
ID;DFINENPELEC;IIS;0.43018053306871396
ID;DFINENPGAS;IIS;1.0
ID;DFINENPHEAT;IIS;0.0
ID;DFINENPIW;IIS;0.0
ID;DFINENPLBF;IIS;0.0
ID;DFINENPMW;IIS;0.0
ID;DFINENPOIL;IIS;0.41879874033868253
ID;DFINENPSBM;IIS;0.0
ID;DFINENPSOLT;IIS;0.0
ID;DFINENPBG;INF;0.0
ID;DFINENPCOMB;INF;0.0
ID;DFINENPELEC;INF;0.0
ID;DFINENPGAS;INF;0.0
ID;DFINENPHEAT;INF;0.0
ID;DFINENPIW;INF;0.0
ID;DFINENPLBF;INF;0.0
ID;DFINENPOIL;INF;0.0
ID;DFINENPSBM;INF;0.0
ID;DFINENPSOLT;INF;0.0
ID;DFINENPBG;INM;0.0
ID;DFINENPCOMB;INM;0.0
ID;DFINENPELEC;INM;0.0
ID;DFINENPGAS;INM;0.0
ID;DFINENPHEAT;INM;0.0
ID;DFINENPIW;INM;0.0
ID;DFINENPLBF;INM;0.0
ID;DFINENPMW;INM;0.0
ID;DFINENPOIL;INM;0.0
ID;DFINENPSBM;INM;0.0
ID;DFINENPSOLT;INM;0.0
ID;DFINENPBG;IOI;0.0
ID;DFINENPCOMB;IOI;0.625881924122856
ID;DFINENPELEC;IOI;0.38304007109090615
ID;DFINENPGAS;IOI;0.9914844255499679
ID;DFINENPGEO;IOI;0.0
ID;DFINENPHEAT;IOI;0.0
ID;DFINENPIW;IOI;0.0
ID;DFINENPLBF;IOI;0.9766889704295274
ID;DFINENPMW;IOI;0.0
ID;DFINENPOIL;IOI;0.736165363526214
ID;DFINENPSBM;IOI;0.7513290090442148
ID;DFINENPSOLT;IOI;0.0
ID;DFINENPGAS;NAB;0.0
ID;DFINENPLBF;NAB;0.0
ID;DFINENPOIL;NAB;0.49182738726953373
ID;DFINENPGAS;NAD;0.0
ID;DFINENPLBF;NAD;0.0
ID;DFINENPOIL;NAD;0.5029767417420473
ID;DFINENPCOMB;OTH;1.0
ID;DFINENPELEC;OTH;0.0
ID;DFINENPGAS;OTH;0.0
ID;DFINENPHEAT;OTH;0.0
ID;DFINENPLBF;OTH;1.0
ID;DFINENPOIL;OTH;0.0
ID;DFINENPSBM;OTH;1.0
ID;DFINENPSOLT;OTH;0.0
ID;DFINENPBG;OTH OwnUses;0.0
ID;DFINENPCOMB;OTH OwnUses;1.0
ID;DFINENPELEC;OTH OwnUses;0.0
ID;DFINENPGAS;OTH OwnUses;0.9669421114004823
ID;DFINENPHEAT;OTH OwnUses;0.0
ID;DFINENPIW;OTH OwnUses;0.0
ID;DFINENPLBF;OTH OwnUses;0.0
ID;DFINENPMW;OTH OwnUses;0.0
ID;DFINENPOIL;OTH OwnUses;0.8282156991319078
ID;DFINENPSBM;OTH OwnUses;0.0
ID;DFINENPBG;OTH_TR;0.0
ID;DFINENPELEC;OTH_TR;0.0
ID;DFINENPGAS;OTH_TR;0.0
ID;DFINENPLBF;OTH_TR;0.0
ID;DFINENPOIL;OTH_TR;0.0
ID;DFINENPBG;PWR OwnUses;0.0
ID;DFINENPCOMB;PWR OwnUses;0.0
ID;DFINENPELEC;PWR OwnUses;0.3650137572458089
ID;DFINENPGAS;PWR OwnUses;0.0
ID;DFINENPHEAT;PWR OwnUses;0.0
ID;DFINENPLBF;PWR OwnUses;0.0
ID;DFINENPMW;PWR OwnUses;0.0
ID;DFINENPOIL;PWR OwnUses;0.0
ID;DFINENPSBM;PWR OwnUses;0.0
ID;DFINENPELEC;Pipeline;0.0
ID;DFINENPGAS;Pipeline;0.0
ID;DFINENPCOMB;RAI;0.0
ID;DFINENPELEC;RAI;0.7235814679854242
ID;DFINENPLBF;RAI;0.0
ID;DFINENPOIL;RAI;0.7981720372345731
ID;DFINENPBG;RES;1.0
ID;DFINENPCOMB;RES;0.0
ID;DFINENPELEC;RES;0.5137508652339297
ID;DFINENPGAS;RES;1.0
ID;DFINENPGEO;RES;0.0
ID;DFINENPHEAT;RES;0.0
ID;DFINENPLBF;RES;0.0
ID;DFINENPOIL;RES;0.9119052346369004
ID;DFINENPSBM;RES;0.6679335199439481
ID;DFINENPSOLT;RES;0.0
ID;DFINENPBG;ROA;0.0
ID;DFINENPELEC;ROA;0.0
ID;DFINENPGAS;ROA;1.0
ID;DFINENPLBF;ROA;0.8374503430086069
ID;DFINENPOIL;ROA;0.4399949236541029
ID;DFINENPBG;SRV;0.0
ID;DFINENPCOMB;SRV;0.0
ID;DFINENPELEC;SRV;0.5854943811911043
ID;DFINENPGAS;SRV;1.0
ID;DFINENPGEO;SRV;0.0
ID;DFINENPHEAT;SRV;0.0
ID;DFINENPIW;SRV;0.0
ID;DFINENPLBF;SRV;0.5953743989008472
ID;DFINENPMW;SRV;0.0
ID;DFINENPOIL;SRV;0.25769820487942346
ID;DFINENPSBM;SRV;0.7292880901815058
ID;DFINENPSOLT;SRV;0.0
ID;DINTENPCOMB;Blast furnace;0.0
ID;DINTENPOIL;Blast furnace;0.0
ID;DINTENPSBM;Blast furnace;0.0
ID;DINTENPCOMB;Coke oven;0.08817749835775224
ID;DINTENPGAS;Coke oven;0.0
ID;DINTENPOIL;Coke oven;0.0
ID;DINTENPBG;HEAT;0.0
ID;DINTENPCOMB;HEAT;0.0
ID;DINTENPGAS;HEAT;0.0
ID;DINTENPGEO;HEAT;0.0
ID;DINTENPHEAT;HEAT;0.0
ID;DINTENPIW;HEAT;0.0
ID;DINTENPLBF;HEAT;0.0
ID;DINTENPMW;HEAT;0.0
ID;DINTENPOIL;HEAT;0.0
ID;DINTENPSBM;HEAT;0.0
ID;DINTENPSOLT;HEAT;0.0
ID;DINTENPBG;Other;0.0
ID;DINTENPCOMB;Other;1.0
ID;DINTENPGAS;Other;0.0
ID;DINTENPLBF;Other;0.0
ID;DINTENPOIL;Other;0.744611365120836
ID;DINTENPSBM;Other;0.3785633569370122
ID;DINTENPBG;PG;0.0
ID;DINTENPCOMB;PG;0.5602811325273609
ID;DINTENPGAS;PG;0.5417376111497951
ID;DINTENPGEO;PG;0.542396430531217
ID;DINTENPHEAT;PG;0.0
ID;DINTENPIW;PG;0.0
ID;DINTENPLBF;PG;0.9780065512400562
ID;DINTENPMW;PG;0.0
ID;DINTENPOIL;PG;0.7117311763306625
ID;DINTENPSBM;PG;0.0
ID;DINTENPSOLT;PG;0.0
ID;DINTENPOIL;Refineries;0.6858431899590549
ID;DNONENPCOMB;Non energy;0.7334489911345651
ID;DNONENPGAS;Non energy;0.9057500835493004
ID;DNONENPOIL;Non energy;0.51064885828357
ID;DSTOCKPBG;BG;0.0
ID;DSTOCKPCOMB;COMB;1.27666363839231
ID;DSTOCKPGAS;GAS;0.0
ID;DSTOCKPIW;IW;0.0
ID;DSTOCKPLBF;LBF;1.2537705963220498
ID;DSTOCKPMW;MW;0.0
ID;DSTOCKPOIL;OIL;1.062939224676678
ID;DSTOCKPSBM;SBM;0.0
ID;EXPPBG;BG;0.0
ID;EXPPCOMB;COMB;0.9784761800697064
ID;EXPPELEC;ELEC;0.0
ID;EXPPGAS;GAS;1.0
ID;EXPPLBF;LBF;0.9974965961180053
ID;EXPPMW;MW;0.0
ID;EXPPOIL;OIL;0.3791346955099074
ID;EXPPSBM;SBM;1.0
ID;IMPPBG;BG;0.0
ID;IMPPCOMB;COMB;0.11103071507878752
ID;IMPPELEC;ELEC;0.0
ID;IMPPGAS;GAS;0.0
ID;IMPPHEAT;HEAT;0.0
ID;IMPPIW;IW;0.0
ID;IMPPLBF;LBF;0.0
ID;IMPPMW;MW;0.0
ID;IMPPOIL;OIL;0.4906384584011024
ID;IMPPSBM;SBM;1.0
ID;PRODPBG;Production;1.0
ID;PRODPCOMB;Production;0.9079961947851172
ID;PRODPGAS;Production;0.8101498835746483
ID;PRODPGEO;Production;0.542396430531217
ID;PRODPHYD;Production;0.17992891211624115
ID;PRODPIW;Production;0.0
ID;PRODPLBF;Production;0.9207074545909296
ID;PRODPMW;Production;0.0
ID;PRODPNUC;Production;0.0
ID;PRODPOIL;Production;0.7146483180001184
ID;PRODPOTH_URN;Production;0.0
ID;PRODPPV;Production;0.0015219384791177557
ID;PRODPSBM;Production;0.6468586548811911
ID;PRODPTID;Production;0.0
ID;PRODPWD;Production;0.0
ID;DINTENPNUC;PG;0.0
ID;DINTENPNUC;HT;0.0
ID;DINTENPPV;PG;0.0015219384791177557
ID;DINTENPPV;HT;0.0015219384791177557
ID;DINTENPWD;PG;0.0
ID;DINTENPWD;HT;0.0
ID;DINTENPHYD;PG;0.17992891211624115
ID;DINTENPHYD;HT;0.17992891211624115
ID;DINTENPTID;PG;0.0
ID;DINTENPTID;HT;0.0
UK;DFINENPBG;AGR;0.3308157323453848
UK;DFINENPCOMB;AGR;0.0
UK;DFINENPELEC;AGR;0.5425156936214945
UK;DFINENPGAS;AGR;0.8560055663347997
UK;DFINENPGEO;AGR;0.0
UK;DFINENPHEAT;AGR;0.06827617216361373
UK;DFINENPLBF;AGR;0.0
UK;DFINENPMW;AGR;0.0
UK;DFINENPOIL;AGR;0.617920988056549
UK;DFINENPSBM;AGR;0.8802714284673966
UK;DFINENPSOLT;AGR;0.0
UK;DFINENPOIL;AVB;0.8117490057958211
UK;DFINENPOIL;AVD;0.6752655549195303
UK;DFINENPBG;ICH;0.40762902019446523
UK;DFINENPCOMB;ICH;0.16528371277106418
UK;DFINENPELEC;ICH;0.6040384580972429
UK;DFINENPGAS;ICH;0.8124691096419758
UK;DFINENPHEAT;ICH;0.7732122435154877
UK;DFINENPIW;ICH;0.0
UK;DFINENPLBF;ICH;0.0
UK;DFINENPMW;ICH;1.0
UK;DFINENPOIL;ICH;0.26662373104641185
UK;DFINENPSBM;ICH;0.24860956207254808
UK;DFINENPSOLT;ICH;0.0
UK;DFINENPBG;ICM;0.0
UK;DFINENPCOMB;ICM;1.0
UK;DFINENPELEC;ICM;0.4184387780094624
UK;DFINENPGAS;ICM;0.9410293992889199
UK;DFINENPHEAT;ICM;0.0
UK;DFINENPIW;ICM;0.0
UK;DFINENPLBF;ICM;0.0
UK;DFINENPOIL;ICM;0.38937147100583636
UK;DFINENPSBM;ICM;0.0
UK;DFINENPSOLT;ICM;0.0
UK;DFINENPCOMB;IIS;0.7200102951263516
UK;DFINENPELEC;IIS;0.2509128864299245
UK;DFINENPGAS;IIS;0.7990927782510441
UK;DFINENPHEAT;IIS;0.0
UK;DFINENPIW;IIS;0.0
UK;DFINENPLBF;IIS;0.0
UK;DFINENPMW;IIS;1.0
UK;DFINENPOIL;IIS;0.2914348992800595
UK;DFINENPSBM;IIS;0.0
UK;DFINENPSOLT;IIS;0.0
UK;DFINENPBG;INF;0.0
UK;DFINENPCOMB;INF;1.0
UK;DFINENPELEC;INF;0.10452643392392667
UK;DFINENPGAS;INF;0.7156454884370792
UK;DFINENPHEAT;INF;0.0
UK;DFINENPIW;INF;0.0
UK;DFINENPLBF;INF;0.0
UK;DFINENPOIL;INF;0.22400773503918572
UK;DFINENPSBM;INF;0.0
UK;DFINENPSOLT;INF;0.0
UK;DFINENPBG;INM;1.0
UK;DFINENPCOMB;INM;0.7385618094205012
UK;DFINENPELEC;INM;0.7341821336395022
UK;DFINENPGAS;INM;0.883980012515311
UK;DFINENPHEAT;INM;0.0
UK;DFINENPIW;INM;0.0
UK;DFINENPLBF;INM;0.0
UK;DFINENPMW;INM;0.7856791999477344
UK;DFINENPOIL;INM;0.7023296408444437
UK;DFINENPSBM;INM;0.952296820166549
UK;DFINENPSOLT;INM;0.0
UK;DFINENPBG;IOI;0.930240674201857
UK;DFINENPCOMB;IOI;0.99689782518538
UK;DFINENPELEC;IOI;0.7475520015245958
UK;DFINENPGAS;IOI;0.8860792102739828
UK;DFINENPGEO;IOI;0.0
UK;DFINENPHEAT;IOI;0.7545553735737011
UK;DFINENPIW;IOI;0.3824514146581099
UK;DFINENPLBF;IOI;0.9288728621691833
UK;DFINENPMW;IOI;0.7681160037760631
UK;DFINENPOIL;IOI;0.8476899272045049
UK;DFINENPSBM;IOI;0.6843806505358753
UK;DFINENPSOLT;IOI;0.0
UK;DFINENPGAS;NAB;0.0
UK;DFINENPLBF;NAB;0.0
UK;DFINENPOIL;NAB;0.33791091222775727
UK;DFINENPGAS;NAD;0.0
UK;DFINENPLBF;NAD;0.0
UK;DFINENPOIL;NAD;0.4231619809092201
UK;DFINENPCOMB;OTH;1.0
UK;DFINENPELEC;OTH;0.0
UK;DFINENPGAS;OTH;0.9938081351684854
UK;DFINENPHEAT;OTH;0.0
UK;DFINENPLBF;OTH;0.0
UK;DFINENPOIL;OTH;0.6565392935242778
UK;DFINENPSBM;OTH;0.0
UK;DFINENPSOLT;OTH;0.0
UK;DFINENPBG;OTH OwnUses;0.0
UK;DFINENPCOMB;OTH OwnUses;1.0
UK;DFINENPELEC;OTH OwnUses;0.43046170526583966
UK;DFINENPGAS;OTH OwnUses;0.5325532865513384
UK;DFINENPHEAT;OTH OwnUses;1.0
UK;DFINENPIW;OTH OwnUses;0.0
UK;DFINENPLBF;OTH OwnUses;0.0
UK;DFINENPMW;OTH OwnUses;0.0
UK;DFINENPOIL;OTH OwnUses;0.794784958900532
UK;DFINENPSBM;OTH OwnUses;0.0
UK;DFINENPBG;OTH_TR;0.0
UK;DFINENPELEC;OTH_TR;0.0
UK;DFINENPGAS;OTH_TR;0.0
UK;DFINENPLBF;OTH_TR;0.0
UK;DFINENPOIL;OTH_TR;0.0
UK;DFINENPBG;PWR OwnUses;0.0
UK;DFINENPCOMB;PWR OwnUses;0.0
UK;DFINENPELEC;PWR OwnUses;0.6326497836373695
UK;DFINENPGAS;PWR OwnUses;0.0
UK;DFINENPHEAT;PWR OwnUses;0.0
UK;DFINENPLBF;PWR OwnUses;0.0
UK;DFINENPMW;PWR OwnUses;0.0
UK;DFINENPOIL;PWR OwnUses;0.0
UK;DFINENPSBM;PWR OwnUses;0.0
UK;DFINENPELEC;Pipeline;0.0
UK;DFINENPGAS;Pipeline;0.0
UK;DFINENPCOMB;RAI;1.0
UK;DFINENPELEC;RAI;0.5945555663704023
UK;DFINENPLBF;RAI;0.0
UK;DFINENPOIL;RAI;0.9607763905677426
UK;DFINENPBG;RES;0.0
UK;DFINENPCOMB;RES;0.9947243108341886
UK;DFINENPELEC;RES;0.6345742636133733
UK;DFINENPGAS;RES;0.951544522428566
UK;DFINENPGEO;RES;0.033268101761252444
UK;DFINENPHEAT;RES;0.26651591894476756
UK;DFINENPLBF;RES;0.0
UK;DFINENPOIL;RES;0.5900424746661425
UK;DFINENPSBM;RES;0.43988739295964874
UK;DFINENPSOLT;RES;0.3783101049579159
UK;DFINENPBG;ROA;0.4351983119580627
UK;DFINENPELEC;ROA;0.4633694851601266
UK;DFINENPGAS;ROA;0.6363984330867423
UK;DFINENPLBF;ROA;0.7268663862236913
UK;DFINENPOIL;ROA;0.8086791677931328
UK;DFINENPBG;SRV;0.012960729637235657
UK;DFINENPCOMB;SRV;0.9938487826249843
UK;DFINENPELEC;SRV;0.6692466568485351
UK;DFINENPGAS;SRV;0.8458830637190728
UK;DFINENPGEO;SRV;0.06115107913669065
UK;DFINENPHEAT;SRV;0.2663384379743545
UK;DFINENPIW;SRV;0.0
UK;DFINENPLBF;SRV;0.0
UK;DFINENPMW;SRV;0.28993298652840527
UK;DFINENPOIL;SRV;0.6865167080858521
UK;DFINENPSBM;SRV;0.4524316124949945
UK;DFINENPSOLT;SRV;0.3343021794007905
UK;DINTENPCOMB;Blast furnace;0.8994359744779118
UK;DINTENPOIL;Blast furnace;0.0
UK;DINTENPSBM;Blast furnace;0.0
UK;DINTENPCOMB;Coke oven;1.0
UK;DINTENPGAS;Coke oven;1.0
UK;DINTENPOIL;Coke oven;0.0
UK;DINTENPBG;HEAT;0.0
UK;DINTENPCOMB;HEAT;0.23899986732631376
UK;DINTENPGAS;HEAT;0.9525039288512763
UK;DINTENPGEO;HEAT;0.0
UK;DINTENPHEAT;HEAT;0.0
UK;DINTENPIW;HEAT;0.0578264031662751
UK;DINTENPLBF;HEAT;0.0
UK;DINTENPMW;HEAT;0.03518980577411594
UK;DINTENPOIL;HEAT;0.5862818283453495
UK;DINTENPSBM;HEAT;0.3482691503208644
UK;DINTENPSOLT;HEAT;0.0
UK;DINTENPBG;Other;0.9356881369347977
UK;DINTENPCOMB;Other;1.0
UK;DINTENPGAS;Other;0.0
UK;DINTENPLBF;Other;0.0
UK;DINTENPOIL;Other;0.22765371781231222
UK;DINTENPSBM;Other;0.0
UK;DINTENPBG;PG;0.9658832933214633
UK;DINTENPCOMB;PG;0.99181517717097
UK;DINTENPGAS;PG;0.9820883535535694
UK;DINTENPGEO;PG;0.0
UK;DINTENPHEAT;PG;0.0
UK;DINTENPIW;PG;0.8604066775861368
UK;DINTENPLBF;PG;0.9995403438264181
UK;DINTENPMW;PG;0.8267081426840259
UK;DINTENPOIL;PG;0.7151060126066981
UK;DINTENPSBM;PG;0.9902895465300803
UK;DINTENPSOLT;PG;0.0
UK;DINTENPOIL;Refineries;0.7587907038188567
UK;DNONENPCOMB;Non energy;0.1884758436751784
UK;DNONENPGAS;Non energy;0.40904014293060525
UK;DNONENPOIL;Non energy;0.7303213362924178
UK;DSTOCKPBG;BG;0.0
UK;DSTOCKPCOMB;COMB;0.8590718861812825
UK;DSTOCKPGAS;GAS;0.7098824757956159
UK;DSTOCKPIW;IW;0.0
UK;DSTOCKPLBF;LBF;0.19827593592417
UK;DSTOCKPMW;MW;0.0
UK;DSTOCKPOIL;OIL;-0.9476746067743832
UK;DSTOCKPSBM;SBM;0.0
UK;EXPPBG;BG;0.0
UK;EXPPCOMB;COMB;0.9006394821822336
UK;EXPPELEC;ELEC;0.06578264838862276
UK;EXPPGAS;GAS;0.06895254132049708
UK;EXPPLBF;LBF;0.7105880566719516
UK;EXPPMW;MW;0.0
UK;EXPPOIL;OIL;0.4521561049771696
UK;EXPPSBM;SBM;0.8840404931473529
UK;IMPPBG;BG;0.0
UK;IMPPCOMB;COMB;0.8277037470508523
UK;IMPPELEC;ELEC;0.3697374761899277
UK;IMPPGAS;GAS;0.9283233599434946
UK;IMPPHEAT;HEAT;0.0
UK;IMPPIW;IW;0.0
UK;IMPPLBF;LBF;0.687662513774828
UK;IMPPMW;MW;0.0
UK;IMPPOIL;OIL;0.7683380175942186
UK;IMPPSBM;SBM;0.9620017250249252
UK;PRODPBG;Production;0.9204647543635365
UK;PRODPCOMB;Production;0.9585103853048117
UK;PRODPGAS;Production;0.25073380738715867
UK;PRODPGEO;Production;0.0
UK;PRODPHYD;Production;0.040869687086419665
UK;PRODPIW;Production;0.20983015954709214
UK;PRODPLBF;Production;0.8688076964917906
UK;PRODPMW;Production;0.6009207931096159
UK;PRODPNUC;Production;0.6801802736496394
UK;PRODPOIL;Production;0.5198358976992532
UK;PRODPOTH_URN;Production;0.0
UK;PRODPPV;Production;0.8499956569525003
UK;PRODPSBM;Production;0.651841892042417
UK;PRODPTID;Production;0.9929032715917961
UK;PRODPWD;Production;0.9183056378417971
UK;DINTENPNUC;PG;0.6801802736496394
UK;DINTENPNUC;HT;0.6801802736496394
UK;DINTENPPV;PG;0.8499956569525003
UK;DINTENPPV;HT;0.8499956569525003
UK;DINTENPWD;PG;0.9183056378417971
UK;DINTENPWD;HT;0.9183056378417971
UK;DINTENPHYD;PG;0.040869687086419665
UK;DINTENPHYD;HT;0.040869687086419665
UK;DINTENPTID;PG;0.9929032715917961
UK;DINTENPTID;HT;0.9929032715917961
DE;DFINENPBG;AGR;0.8602717042512389
DE;DFINENPCOMB;AGR;0.0
DE;DFINENPELEC;AGR;0.20831634587302986
DE;DFINENPGAS;AGR;0.09272326504459921
DE;DFINENPGEO;AGR;0.0
DE;DFINENPHEAT;AGR;0.0
DE;DFINENPLBF;AGR;0.444669567178898
DE;DFINENPMW;AGR;0.0
DE;DFINENPOIL;AGR;0.4387716838424437
DE;DFINENPSBM;AGR;0.14122855313467594
DE;DFINENPSOLT;AGR;0.4297132380324863
DE;DFINENPOIL;AVB;0.4703567897053643
DE;DFINENPOIL;AVD;0.696454349831386
DE;DFINENPBG;ICH;0.5261010129373022
DE;DFINENPCOMB;ICH;0.9496452005824485
DE;DFINENPELEC;ICH;0.5439195591803788
DE;DFINENPGAS;ICH;0.5482727942774412
DE;DFINENPHEAT;ICH;0.5532213632553297
DE;DFINENPIW;ICH;0.6842507571305905
DE;DFINENPLBF;ICH;0.17601110026208952
DE;DFINENPMW;ICH;1.0
DE;DFINENPOIL;ICH;0.1741833058582612
DE;DFINENPSBM;ICH;0.23078703167229384
DE;DFINENPSOLT;ICH;1.0
DE;DFINENPBG;ICM;0.0
DE;DFINENPCOMB;ICM;0.0
DE;DFINENPELEC;ICM;0.4921472985219646
DE;DFINENPGAS;ICM;0.7514205538067665
DE;DFINENPHEAT;ICM;0.0
DE;DFINENPIW;ICM;0.0
DE;DFINENPLBF;ICM;0.35786089423057643
DE;DFINENPOIL;ICM;0.4799279335073657
DE;DFINENPSBM;ICM;0.0
DE;DFINENPSOLT;ICM;0.0
DE;DFINENPCOMB;IIS;0.6424681928603474
DE;DFINENPELEC;IIS;0.5458720186791617
DE;DFINENPGAS;IIS;0.5641739794325002
DE;DFINENPHEAT;IIS;0.2561330235032022
DE;DFINENPIW;IIS;0.0
DE;DFINENPLBF;IIS;0.0
DE;DFINENPMW;IIS;0.0
DE;DFINENPOIL;IIS;0.05534338871570087
DE;DFINENPSBM;IIS;0.26666666666666666
DE;DFINENPSOLT;IIS;0.0
DE;DFINENPBG;INF;0.7173086579155011
DE;DFINENPCOMB;INF;0.3640073107547155
DE;DFINENPELEC;INF;0.5736938393098777
DE;DFINENPGAS;INF;0.5340320106327608
DE;DFINENPHEAT;INF;0.3559053700802219
DE;DFINENPIW;INF;0.85
DE;DFINENPLBF;INF;0.0
DE;DFINENPOIL;INF;0.341601645734918
DE;DFINENPSBM;INF;0.0
DE;DFINENPSOLT;INF;0.0
DE;DFINENPBG;INM;0.1111111111111111
DE;DFINENPCOMB;INM;0.584519187481891
DE;DFINENPELEC;INM;0.5794536640703197
DE;DFINENPGAS;INM;0.6036145343820661
DE;DFINENPHEAT;INM;0.42643391401576514
DE;DFINENPIW;INM;0.651393903405701
DE;DFINENPLBF;INM;0.617208555421624
DE;DFINENPMW;INM;0.7774737381014473
DE;DFINENPOIL;INM;0.3678930881475676
DE;DFINENPSBM;INM;0.4450731487209045
DE;DFINENPSOLT;INM;0.0
DE;DFINENPBG;IOI;0.23346206530707428
DE;DFINENPCOMB;IOI;0.5825548293249897
DE;DFINENPELEC;IOI;0.4900254891581149
DE;DFINENPGAS;IOI;0.5715659260426538
DE;DFINENPGEO;IOI;0.0
DE;DFINENPHEAT;IOI;0.49481539477622494
DE;DFINENPIW;IOI;0.16646445918940023
DE;DFINENPLBF;IOI;0.10390745670355597
DE;DFINENPMW;IOI;0.8835749576062177
DE;DFINENPOIL;IOI;0.34694161087249326
DE;DFINENPSBM;IOI;0.15741085840727434
DE;DFINENPSOLT;IOI;0.5333333333333333
DE;DFINENPGAS;NAB;0.0
DE;DFINENPLBF;NAB;0.0
DE;DFINENPOIL;NAB;0.05667084294679093
DE;DFINENPGAS;NAD;0.0
DE;DFINENPLBF;NAD;0.0
DE;DFINENPOIL;NAD;0.2249968405008945
DE;DFINENPCOMB;OTH;0.0
DE;DFINENPELEC;OTH;0.0
DE;DFINENPGAS;OTH;0.0
DE;DFINENPHEAT;OTH;0.0
DE;DFINENPLBF;OTH;0.0
DE;DFINENPOIL;OTH;0.171155934444071
DE;DFINENPSBM;OTH;0.0
DE;DFINENPSOLT;OTH;0.0
DE;DFINENPBG;OTH OwnUses;0.01714668993237144
DE;DFINENPCOMB;OTH OwnUses;0.33847824211178906
DE;DFINENPELEC;OTH OwnUses;0.41160156565352896
DE;DFINENPGAS;OTH OwnUses;0.3054498302056727
DE;DFINENPHEAT;OTH OwnUses;0.43111136600435973
DE;DFINENPIW;OTH OwnUses;0.0
DE;DFINENPLBF;OTH OwnUses;0.0
DE;DFINENPMW;OTH OwnUses;1.0
DE;DFINENPOIL;OTH OwnUses;0.48485075655461374
DE;DFINENPSBM;OTH OwnUses;1.0
DE;DFINENPBG;OTH_TR;0.0
DE;DFINENPELEC;OTH_TR;0.0
DE;DFINENPGAS;OTH_TR;0.0
DE;DFINENPLBF;OTH_TR;0.0
DE;DFINENPOIL;OTH_TR;0.9301228037401555
DE;DFINENPBG;PWR OwnUses;0.0
DE;DFINENPCOMB;PWR OwnUses;0.0
DE;DFINENPELEC;PWR OwnUses;0.6098339118514637
DE;DFINENPGAS;PWR OwnUses;0.0
DE;DFINENPHEAT;PWR OwnUses;0.0
DE;DFINENPLBF;PWR OwnUses;0.0
DE;DFINENPMW;PWR OwnUses;0.0
DE;DFINENPOIL;PWR OwnUses;0.0
DE;DFINENPSBM;PWR OwnUses;0.0
DE;DFINENPELEC;Pipeline;0.0
DE;DFINENPGAS;Pipeline;0.695916160967667
DE;DFINENPCOMB;RAI;0.0
DE;DFINENPELEC;RAI;0.5481446502609487
DE;DFINENPLBF;RAI;0.8018040591330494
DE;DFINENPOIL;RAI;0.5409321539647999
DE;DFINENPBG;RES;0.9187433922368222
DE;DFINENPCOMB;RES;0.5142944334946868
DE;DFINENPELEC;RES;0.4670306234739426
DE;DFINENPGAS;RES;0.6367540198443382
DE;DFINENPGEO;RES;1.0
DE;DFINENPHEAT;RES;0.3658104559524793
DE;DFINENPLBF;RES;0.17910883953550397
DE;DFINENPOIL;RES;0.6849306174620547
DE;DFINENPSBM;RES;0.5243898713262403
DE;DFINENPSOLT;RES;0.7764871885461933
DE;DFINENPBG;ROA;0.3652872643317263
DE;DFINENPELEC;ROA;0.22313868467714623
DE;DFINENPGAS;ROA;0.5086455645807509
DE;DFINENPLBF;ROA;0.43151376248877693
DE;DFINENPOIL;ROA;0.5323973054556745
DE;DFINENPBG;SRV;0.8094760420785385
DE;DFINENPCOMB;SRV;0.20776713494998722
DE;DFINENPELEC;SRV;0.47832597699306295
DE;DFINENPGAS;SRV;0.6195260762554391
DE;DFINENPGEO;SRV;0.8304028665649512
DE;DFINENPHEAT;SRV;0.25294043362754615
DE;DFINENPIW;SRV;0.0
DE;DFINENPLBF;SRV;0.23570766590913958
DE;DFINENPMW;SRV;0.0
DE;DFINENPOIL;SRV;0.6138493277350833
DE;DFINENPSBM;SRV;0.8125754059017964
DE;DFINENPSOLT;SRV;0.29554724406871286
DE;DINTENPCOMB;Blast furnace;0.5634384220332066
DE;DINTENPOIL;Blast furnace;1.0
DE;DINTENPSBM;Blast furnace;0.0
DE;DINTENPCOMB;Coke oven;0.5642309113416855
DE;DINTENPGAS;Coke oven;0.0
DE;DINTENPOIL;Coke oven;1.0
DE;DINTENPBG;HEAT;0.8134091897378111
DE;DINTENPCOMB;HEAT;0.6980544937946539
DE;DINTENPGAS;HEAT;0.5787252060666621
DE;DINTENPGEO;HEAT;0.8692614005902897
DE;DINTENPHEAT;HEAT;0.0
DE;DINTENPIW;HEAT;0.6320377426998174
DE;DINTENPLBF;HEAT;0.1578115095204384
DE;DINTENPMW;HEAT;0.4589144143510431
DE;DINTENPOIL;HEAT;0.2159046107953484
DE;DINTENPSBM;HEAT;0.12638560473729574
DE;DINTENPSOLT;HEAT;0.005282021340178833
DE;DINTENPBG;Other;0.0
DE;DINTENPCOMB;Other;0.924344662484484
DE;DINTENPGAS;Other;0.0
DE;DINTENPLBF;Other;0.0
DE;DINTENPOIL;Other;0.5411385709728215
DE;DINTENPSBM;Other;0.9314516108938443
DE;DINTENPBG;PG;0.8979748770186549
DE;DINTENPCOMB;PG;0.8352403053538863
DE;DINTENPGAS;PG;0.4092926719043957
DE;DINTENPGEO;PG;0.9995277822367312
DE;DINTENPHEAT;PG;0.0
DE;DINTENPIW;PG;0.4783745656938861
DE;DINTENPLBF;PG;0.8512292616050199
DE;DINTENPMW;PG;0.4414007046712002
DE;DINTENPOIL;PG;0.6230405329274339
DE;DINTENPSBM;PG;0.30213172061895
DE;DINTENPSOLT;PG;0.0
DE;DINTENPOIL;Refineries;0.39544657675147665
DE;DNONENPCOMB;Non energy;0.593277958126007
DE;DNONENPGAS;Non energy;0.4398861120693513
DE;DNONENPOIL;Non energy;0.46429293243924474
DE;DSTOCKPBG;BG;0.0
DE;DSTOCKPCOMB;COMB;0.9392194465383173
DE;DSTOCKPGAS;GAS;0.5931587138698307
DE;DSTOCKPIW;IW;0.0
DE;DSTOCKPLBF;LBF;-0.0
DE;DSTOCKPMW;MW;0.0
DE;DSTOCKPOIL;OIL;0.15939294403093907
DE;DSTOCKPSBM;SBM;-0.0
DE;EXPPBG;BG;0.0
DE;EXPPCOMB;COMB;0.7997685013305244
DE;EXPPELEC;ELEC;0.4007989726798786
DE;EXPPGAS;GAS;0.0
DE;EXPPLBF;LBF;0.45095638682428285
DE;EXPPMW;MW;0.0
DE;EXPPOIL;OIL;0.11260798706494549
DE;EXPPSBM;SBM;0.5025513187889739
DE;IMPPBG;BG;0.0
DE;IMPPCOMB;COMB;0.6039897788323183
DE;IMPPELEC;ELEC;0.25434499160444746
DE;IMPPGAS;GAS;0.5511431677941403
DE;IMPPHEAT;HEAT;0.0
DE;IMPPIW;IW;0.0
DE;IMPPLBF;LBF;0.28013224193727765
DE;IMPPMW;MW;0.0
DE;IMPPOIL;OIL;0.30546873061505336
DE;IMPPSBM;SBM;0.22127935871516258
DE;PRODPBG;Production;0.8229504907046948
DE;PRODPCOMB;Production;0.8075013679098246
DE;PRODPGAS;Production;0.12896872610301524
DE;PRODPGEO;Production;0.9989858012170385
DE;PRODPHYD;Production;0.16928962824812727
DE;PRODPIW;Production;0.5904347690312185
DE;PRODPLBF;Production;0.514752035099142
DE;PRODPMW;Production;0.51118332058107
DE;PRODPNUC;Production;0.35326806583741055
DE;PRODPOIL;Production;0.39136259283903013
DE;PRODPOTH_URN;Production;0.0
DE;PRODPPV;Production;0.7693251983357213
DE;PRODPSBM;Production;0.3194985988378848
DE;PRODPTID;Production;0.0
DE;PRODPWD;Production;0.6082346900998502
DE;DINTENPNUC;PG;0.35326806583741055
DE;DINTENPNUC;HT;0.35326806583741055
DE;DINTENPPV;PG;0.7693251983357213
DE;DINTENPPV;HT;0.7693251983357213
DE;DINTENPWD;PG;0.6082346900998502
DE;DINTENPWD;HT;0.6082346900998502
DE;DINTENPHYD;PG;0.16928962824812727
DE;DINTENPHYD;HT;0.16928962824812727
DE;DINTENPTID;PG;0.0
DE;DINTENPTID;HT;0.0
FR;DFINENPBG;AGR;0.8876453974800785
FR;DFINENPCOMB;AGR;0.7078472766411608
FR;DFINENPELEC;AGR;0.3591964021639002
FR;DFINENPGAS;AGR;0.3699631696028727
FR;DFINENPGEO;AGR;0.30974737037507083
FR;DFINENPHEAT;AGR;0.5859075402738116
FR;DFINENPLBF;AGR;0.958171160265967
FR;DFINENPMW;AGR;1.0
FR;DFINENPOIL;AGR;0.40966576476722644
FR;DFINENPSBM;AGR;0.5149895981362069
FR;DFINENPSOLT;AGR;0.29369716558925907
FR;DFINENPOIL;AVB;0.3449662224525705
FR;DFINENPOIL;AVD;0.3091126186084775
FR;DFINENPBG;ICH;0.305044274201572
FR;DFINENPCOMB;ICH;0.7259852220848942
FR;DFINENPELEC;ICH;0.4311403245339683
FR;DFINENPGAS;ICH;0.4502102920139073
FR;DFINENPHEAT;ICH;0.48110202067322627
FR;DFINENPIW;ICH;0.15561317191278545
FR;DFINENPLBF;ICH;0.9339898313507093
FR;DFINENPMW;ICH;1.0
FR;DFINENPOIL;ICH;0.3017900488669584
FR;DFINENPSBM;ICH;0.8689790331707137
FR;DFINENPSOLT;ICH;0.0
FR;DFINENPBG;ICM;1.0
FR;DFINENPCOMB;ICM;0.0
FR;DFINENPELEC;ICM;0.38852201832200384
FR;DFINENPGAS;ICM;0.21452632790722534
FR;DFINENPHEAT;ICM;0.0
FR;DFINENPIW;ICM;0.0
FR;DFINENPLBF;ICM;0.6708544384996247
FR;DFINENPOIL;ICM;0.5622674790526097
FR;DFINENPSBM;ICM;0.0003273885615936861
FR;DFINENPSOLT;ICM;0.0
FR;DFINENPCOMB;IIS;0.09846726855986608
FR;DFINENPELEC;IIS;0.2671233407061589
FR;DFINENPGAS;IIS;0.2370843150899872
FR;DFINENPHEAT;IIS;0.056968921405104345
FR;DFINENPIW;IIS;0.0
FR;DFINENPLBF;IIS;0.6803840877914952
FR;DFINENPMW;IIS;0.0
FR;DFINENPOIL;IIS;0.13383058206935242
FR;DFINENPSBM;IIS;0.9233719247467439
FR;DFINENPSOLT;IIS;0.0
FR;DFINENPBG;INF;0.0
FR;DFINENPCOMB;INF;0.0023729408887803536
FR;DFINENPELEC;INF;0.36697963232751535
FR;DFINENPGAS;INF;0.19332238638115756
FR;DFINENPHEAT;INF;0.9356801338894578
FR;DFINENPIW;INF;0.0
FR;DFINENPLBF;INF;0.9357429718875503
FR;DFINENPOIL;INF;0.076153797889596
FR;DFINENPSBM;INF;0.0
FR;DFINENPSOLT;INF;0.0
FR;DFINENPBG;INM;0.49571356530509325
FR;DFINENPCOMB;INM;0.4886772403211003
FR;DFINENPELEC;INM;0.3104205878105486
FR;DFINENPGAS;INM;0.2822209232530945
FR;DFINENPHEAT;INM;0.05999164532582485
FR;DFINENPIW;INM;0.437404766009778
FR;DFINENPLBF;INM;0.5420179204319704
FR;DFINENPMW;INM;0.0
FR;DFINENPOIL;INM;0.1643912462746921
FR;DFINENPSBM;INM;0.24559430152743664
FR;DFINENPSOLT;INM;0.0
FR;DFINENPBG;IOI;0.4149440789398618
FR;DFINENPCOMB;IOI;0.581096781618961
FR;DFINENPELEC;IOI;0.3330168312480166
FR;DFINENPGAS;IOI;0.3864759797470988
FR;DFINENPGEO;IOI;0.0
FR;DFINENPHEAT;IOI;0.25305945678154695
FR;DFINENPIW;IOI;0.24806311782051643
FR;DFINENPLBF;IOI;0.7106320528245944
FR;DFINENPMW;IOI;1.0
FR;DFINENPOIL;IOI;0.30572723523661544
FR;DFINENPSBM;IOI;0.2688407391741076
FR;DFINENPSOLT;IOI;0.07715050285842198
FR;DFINENPGAS;NAB;0.0
FR;DFINENPLBF;NAB;0.9763646595385482
FR;DFINENPOIL;NAB;0.09863577669995932
FR;DFINENPGAS;NAD;0.0
FR;DFINENPLBF;NAD;0.621330673998974
FR;DFINENPOIL;NAD;0.16895996814829864
FR;DFINENPCOMB;OTH;0.0
FR;DFINENPELEC;OTH;0.40654313318172747
FR;DFINENPGAS;OTH;0.6398171984756874
FR;DFINENPHEAT;OTH;0.0
FR;DFINENPLBF;OTH;0.0
FR;DFINENPOIL;OTH;0.5677728771371081
FR;DFINENPSBM;OTH;0.0
FR;DFINENPSOLT;OTH;0.0
FR;DFINENPBG;OTH OwnUses;0.0
FR;DFINENPCOMB;OTH OwnUses;0.8044673733244315
FR;DFINENPELEC;OTH OwnUses;0.2698544082648426
FR;DFINENPGAS;OTH OwnUses;0.11075028280836748
FR;DFINENPHEAT;OTH OwnUses;0.0
FR;DFINENPIW;OTH OwnUses;0.0
FR;DFINENPLBF;OTH OwnUses;0.0
FR;DFINENPMW;OTH OwnUses;0.0
FR;DFINENPOIL;OTH OwnUses;0.12124613636558314
FR;DFINENPSBM;OTH OwnUses;0.0
FR;DFINENPBG;OTH_TR;0.0
FR;DFINENPELEC;OTH_TR;0.09142090595030312
FR;DFINENPGAS;OTH_TR;1.0
FR;DFINENPLBF;OTH_TR;0.0
FR;DFINENPOIL;OTH_TR;0.0
FR;DFINENPBG;PWR OwnUses;0.0
FR;DFINENPCOMB;PWR OwnUses;0.0
FR;DFINENPELEC;PWR OwnUses;0.5042927729736222
FR;DFINENPGAS;PWR OwnUses;0.0
FR;DFINENPHEAT;PWR OwnUses;0.0013108984142828862
FR;DFINENPLBF;PWR OwnUses;0.0
FR;DFINENPMW;PWR OwnUses;0.0
FR;DFINENPOIL;PWR OwnUses;0.0
FR;DFINENPSBM;PWR OwnUses;0.0
FR;DFINENPELEC;Pipeline;0.5556553266729047
FR;DFINENPGAS;Pipeline;0.000725705242661461
FR;DFINENPCOMB;RAI;0.0
FR;DFINENPELEC;RAI;0.46652863998554744
FR;DFINENPLBF;RAI;1.0
FR;DFINENPOIL;RAI;0.4630253822231326
FR;DFINENPBG;RES;0.0
FR;DFINENPCOMB;RES;0.2805391666157469
FR;DFINENPELEC;RES;0.48178882873588175
FR;DFINENPGAS;RES;0.3603784196512687
FR;DFINENPGEO;RES;0.0
FR;DFINENPHEAT;RES;0.578720090571572
FR;DFINENPLBF;RES;0.0
FR;DFINENPOIL;RES;0.41897124328715224
FR;DFINENPSBM;RES;0.4114734457899534
FR;DFINENPSOLT;RES;0.18867182025754745
FR;DFINENPBG;ROA;0.0
FR;DFINENPELEC;ROA;0.5014675822787718
FR;DFINENPGAS;ROA;0.11999865723437955
FR;DFINENPLBF;ROA;0.48220144666231807
FR;DFINENPOIL;ROA;0.3682355326892731
FR;DFINENPBG;SRV;0.5738503398677671
FR;DFINENPCOMB;SRV;1.0
FR;DFINENPELEC;SRV;0.4040621192111705
FR;DFINENPGAS;SRV;0.3989022544203784
FR;DFINENPGEO;SRV;0.1593996746211312
FR;DFINENPHEAT;SRV;0.7143220494100612
FR;DFINENPIW;SRV;1.0
FR;DFINENPLBF;SRV;0.827468125728438
FR;DFINENPMW;SRV;0.921681608854576
FR;DFINENPOIL;SRV;0.5303802044566484
FR;DFINENPSBM;SRV;0.5412943737471269
FR;DFINENPSOLT;SRV;0.07862454924047658
FR;DINTENPCOMB;Blast furnace;0.6528190330959253
FR;DINTENPOIL;Blast furnace;0.0
FR;DINTENPSBM;Blast furnace;0.0
FR;DINTENPCOMB;Coke oven;0.5877653493661428
FR;DINTENPGAS;Coke oven;0.0
FR;DINTENPOIL;Coke oven;0.0
FR;DINTENPBG;HEAT;0.22656721060068932
FR;DINTENPCOMB;HEAT;0.6190417368143827
FR;DINTENPGAS;HEAT;0.24876310641867722
FR;DINTENPGEO;HEAT;0.660554332059784
FR;DINTENPHEAT;HEAT;0.0
FR;DINTENPIW;HEAT;0.8591075931173956
FR;DINTENPLBF;HEAT;0.0
FR;DINTENPMW;HEAT;0.6910528041641842
FR;DINTENPOIL;HEAT;0.21419747560269753
FR;DINTENPSBM;HEAT;0.622808161284977
FR;DINTENPSOLT;HEAT;0.0
FR;DINTENPBG;Other;0.6623799613729341
FR;DINTENPCOMB;Other;0.0
FR;DINTENPGAS;Other;0.0
FR;DINTENPLBF;Other;0.0
FR;DINTENPOIL;Other;0.35805447011424385
FR;DINTENPSBM;Other;0.3609321806026383
FR;DINTENPBG;PG;0.22198762595066956
FR;DINTENPCOMB;PG;0.08403705090000785
FR;DINTENPGAS;PG;0.115737620777999
FR;DINTENPGEO;PG;0.005292148761277476
FR;DINTENPHEAT;PG;0.0
FR;DINTENPIW;PG;0.23221623408912764
FR;DINTENPLBF;PG;2.1760045233734793e-05
FR;DINTENPMW;PG;0.3180166594527822
FR;DINTENPOIL;PG;0.12571782881494054
FR;DINTENPSBM;PG;0.16717517519773645
FR;DINTENPSOLT;PG;0.0
FR;DINTENPOIL;Refineries;0.21932333468937995
FR;DNONENPCOMB;Non energy;0.8991865274488298
FR;DNONENPGAS;Non energy;0.4190122891465941
FR;DNONENPOIL;Non energy;0.4854859470439851
FR;DSTOCKPBG;BG;0.0
FR;DSTOCKPCOMB;COMB;0.2032597134372471
FR;DSTOCKPGAS;GAS;0.5352034234480186
FR;DSTOCKPIW;IW;-0.0
FR;DSTOCKPLBF;LBF;0.49279774312917646
FR;DSTOCKPMW;MW;0.0
FR;DSTOCKPOIL;OIL;-0.2799157055210074
FR;DSTOCKPSBM;SBM;0.0
FR;EXPPBG;BG;0.0
FR;EXPPCOMB;COMB;0.003495261279133678
FR;EXPPELEC;ELEC;0.7569491549438141
FR;EXPPGAS;GAS;0.8663076010759737
FR;EXPPLBF;LBF;0.221206519342326
FR;EXPPMW;MW;0.0
FR;EXPPOIL;OIL;0.18810058537200064
FR;EXPPSBM;SBM;0.36691741326610006
FR;IMPPBG;BG;0.0
FR;IMPPCOMB;COMB;0.3447538238629382
FR;IMPPELEC;ELEC;0.15926308022453764
FR;IMPPGAS;GAS;0.32008624080103054
FR;IMPPHEAT;HEAT;0.0
FR;IMPPIW;IW;0.0
FR;IMPPLBF;LBF;0.3548235029961037
FR;IMPPMW;MW;0.0
FR;IMPPOIL;OIL;0.3000086237131153
FR;IMPPSBM;SBM;0.16917558315020095
FR;PRODPBG;Production;0.2780903775252805
FR;PRODPCOMB;Production;0.39637395125693237
FR;PRODPGAS;Production;0.0035246582781144633
FR;PRODPGEO;Production;0.020017430304488167
FR;PRODPHYD;Production;0.4080521777111794
FR;PRODPIW;Production;0.4182611240368197
FR;PRODPLBF;Production;0.40901950025070133
FR;PRODPMW;Production;0.5025477183547853
FR;PRODPNUC;Production;0.8724223257129938
FR;PRODPOIL;Production;0.2189108251238805
FR;PRODPOTH_URN;Production;0.0
FR;PRODPPV;Production;0.21289712991395743
FR;PRODPSBM;Production;0.39965850558627547
FR;PRODPTID;Production;0.9599169479160822
FR;PRODPWD;Production;0.26355690313575997
FR;DINTENPNUC;PG;0.8724223257129938
FR;DINTENPNUC;HT;0.8724223257129938
FR;DINTENPPV;PG;0.21289712991395743
FR;DINTENPPV;HT;0.21289712991395743
FR;DINTENPWD;PG;0.26355690313575997
FR;DINTENPWD;HT;0.26355690313575997
FR;DINTENPHYD;PG;0.4080521777111794
FR;DINTENPHYD;HT;0.4080521777111794
FR;DINTENPTID;PG;0.9599169479160822
FR;DINTENPTID;HT;0.9599169479160822
IT;DFINENPBG;AGR;0.0
IT;DFINENPCOMB;AGR;0.0
IT;DFINENPELEC;AGR;0.2563853025382611
IT;DFINENPGAS;AGR;0.2580770707334306
IT;DFINENPGEO;AGR;0.6571041071966388
IT;DFINENPHEAT;AGR;0.3800367075910875
IT;DFINENPLBF;AGR;0.0
IT;DFINENPMW;AGR;0.0
IT;DFINENPOIL;AGR;0.26761859973663893
IT;DFINENPSBM;AGR;0.12162237608334217
IT;DFINENPSOLT;AGR;0.3954790319907177
IT;DFINENPOIL;AVB;0.2204126016324591
IT;DFINENPOIL;AVD;0.17308891250333483
IT;DFINENPBG;ICH;0.6111724939649891
IT;DFINENPCOMB;ICH;0.0014998937762552497
IT;DFINENPELEC;ICH;0.2997998273349745
IT;DFINENPGAS;ICH;0.13703863299151897
IT;DFINENPHEAT;ICH;0.48722981325777637
IT;DFINENPIW;ICH;0.8343126235445724
IT;DFINENPLBF;ICH;0.0
IT;DFINENPMW;ICH;0.0
IT;DFINENPOIL;ICH;0.5273249488338404
IT;DFINENPSBM;ICH;0.012517463758657062
IT;DFINENPSOLT;ICH;0.0
IT;DFINENPBG;ICM;0.0
IT;DFINENPCOMB;ICM;0.0
IT;DFINENPELEC;ICM;0.17154020501285472
IT;DFINENPGAS;ICM;0.22355375355291757
IT;DFINENPHEAT;ICM;1.0
IT;DFINENPIW;ICM;0.0
IT;DFINENPLBF;ICM;0.0
IT;DFINENPOIL;ICM;0.010393327792640445
IT;DFINENPSBM;ICM;0.24736868843233437
IT;DFINENPSOLT;ICM;0.0
IT;DFINENPCOMB;IIS;0.5832872709241946
IT;DFINENPELEC;IIS;0.3962483721703472
IT;DFINENPGAS;IIS;0.500815397747309
IT;DFINENPHEAT;IIS;0.9430310785948958
IT;DFINENPIW;IIS;0.0
IT;DFINENPLBF;IIS;0.0
IT;DFINENPMW;IIS;0.0
IT;DFINENPOIL;IIS;0.37137983366355715
IT;DFINENPSBM;IIS;0.00426917510853835
IT;DFINENPSOLT;IIS;0.0
IT;DFINENPBG;INF;0.0
IT;DFINENPCOMB;INF;0.9748767888396396
IT;DFINENPELEC;INF;0.09232667637905527
IT;DFINENPGAS;INF;0.3137815944788344
IT;DFINENPHEAT;INF;0.06431986611054225
IT;DFINENPIW;INF;0.0
IT;DFINENPLBF;INF;0.0
IT;DFINENPOIL;INF;0.3995657787807402
IT;DFINENPSBM;INF;0.0
IT;DFINENPSOLT;INF;0.0
IT;DFINENPBG;INM;0.0
IT;DFINENPCOMB;INM;0.3315992651966127
IT;DFINENPELEC;INM;0.3320302802814749
IT;DFINENPGAS;INM;0.3353782692739401
IT;DFINENPHEAT;INM;0.9000319554792422
IT;DFINENPIW;INM;0.19710837064359382
IT;DFINENPLBF;INM;0.0
IT;DFINENPMW;INM;0.0
IT;DFINENPOIL;INM;0.2308445970635606
IT;DFINENPSBM;INM;0.22407636287006474
IT;DFINENPSOLT;INM;0.0
IT;DFINENPBG;IOI;0.10256362860474617
IT;DFINENPCOMB;IOI;0.031986947239145955
IT;DFINENPELEC;IOI;0.3940045928055834
IT;DFINENPGAS;IOI;0.3265354839315308
IT;DFINENPGEO;IOI;0.9249576010445902
IT;DFINENPHEAT;IOI;0.6834717766827592
IT;DFINENPIW;IOI;0.7519368821794836
IT;DFINENPLBF;IOI;0.0
IT;DFINENPMW;IOI;0.0
IT;DFINENPOIL;IOI;0.18443003586215936
IT;DFINENPSBM;IOI;0.06496422034092011
IT;DFINENPSOLT;IOI;0.6936132110987882
IT;DFINENPGAS;NAB;0.0
IT;DFINENPLBF;NAB;0.0
IT;DFINENPOIL;NAB;0.15193074882441304
IT;DFINENPGAS;NAD;0.0
IT;DFINENPLBF;NAD;0.0
IT;DFINENPOIL;NAD;0.21084887303552366
IT;DFINENPCOMB;OTH;0.0
IT;DFINENPELEC;OTH;0.0
IT;DFINENPGAS;OTH;0.0
IT;DFINENPHEAT;OTH;1.0
IT;DFINENPLBF;OTH;0.0
IT;DFINENPOIL;OTH;0.06954955687987402
IT;DFINENPSBM;OTH;0.0
IT;DFINENPSOLT;OTH;0.0
IT;DFINENPBG;OTH OwnUses;0.0
IT;DFINENPCOMB;OTH OwnUses;0.025741071504664544
IT;DFINENPELEC;OTH OwnUses;0.36049055403137314
IT;DFINENPGAS;OTH OwnUses;0.2874423467339921
IT;DFINENPHEAT;OTH OwnUses;0.8380839635814118
IT;DFINENPIW;OTH OwnUses;0.0
IT;DFINENPLBF;OTH OwnUses;0.0
IT;DFINENPMW;OTH OwnUses;0.0
IT;DFINENPOIL;OTH OwnUses;0.27495531192661576
IT;DFINENPSBM;OTH OwnUses;0.0
IT;DFINENPBG;OTH_TR;0.0
IT;DFINENPELEC;OTH_TR;0.9045155453493661
IT;DFINENPGAS;OTH_TR;0.0
IT;DFINENPLBF;OTH_TR;0.0
IT;DFINENPOIL;OTH_TR;0.0
IT;DFINENPBG;PWR OwnUses;0.0
IT;DFINENPCOMB;PWR OwnUses;0.0
IT;DFINENPELEC;PWR OwnUses;0.1973576118186174
IT;DFINENPGAS;PWR OwnUses;0.0
IT;DFINENPHEAT;PWR OwnUses;0.9986891015857027
IT;DFINENPLBF;PWR OwnUses;0.0
IT;DFINENPMW;PWR OwnUses;0.0
IT;DFINENPOIL;PWR OwnUses;0.0
IT;DFINENPSBM;PWR OwnUses;0.0
IT;DFINENPELEC;Pipeline;0.22380751248252292
IT;DFINENPGAS;Pipeline;0.7735781899491775
IT;DFINENPCOMB;RAI;0.0
IT;DFINENPELEC;RAI;0.3056774350610903
IT;DFINENPLBF;RAI;0.0
IT;DFINENPOIL;RAI;0.16015195813702304
IT;DFINENPBG;RES;0.0
IT;DFINENPCOMB;RES;0.0
IT;DFINENPELEC;RES;0.19784094808944602
IT;DFINENPGAS;RES;0.5093212132173572
IT;DFINENPGEO;RES;0.911555606355012
IT;DFINENPHEAT;RES;0.4033873101225377
IT;DFINENPLBF;RES;0.0
IT;DFINENPOIL;RES;0.19128778573257252
IT;DFINENPSBM;RES;0.38505039445028577
IT;DFINENPSOLT;RES;0.16661903299156938
IT;DFINENPBG;ROA;1.0
IT;DFINENPELEC;ROA;0.20909028272203212
IT;DFINENPGAS;ROA;0.7100755779541356
IT;DFINENPLBF;ROA;0.19814232760366446
IT;DFINENPOIL;ROA;0.28065823400174894
IT;DFINENPBG;SRV;0.09059940610766275
IT;DFINENPCOMB;SRV;0.0
IT;DFINENPELEC;SRV;0.2638825974049636
IT;DFINENPGAS;SRV;0.45159152275911735
IT;DFINENPGEO;SRV;0.7499441082337791
IT;DFINENPHEAT;SRV;0.26436878455856894
IT;DFINENPIW;SRV;0.0
IT;DFINENPLBF;SRV;0.0
IT;DFINENPMW;SRV;0.0
IT;DFINENPOIL;SRV;0.11655663673551088
IT;DFINENPSBM;SRV;0.14699877635001402
IT;DFINENPSOLT;SRV;0.27081510147977383
IT;DINTENPCOMB;Blast furnace;0.1828596789835439
IT;DINTENPOIL;Blast furnace;0.0
IT;DINTENPSBM;Blast furnace;0.0
IT;DINTENPCOMB;Coke oven;0.2880355595365543
IT;DINTENPGAS;Coke oven;0.0
IT;DINTENPOIL;Coke oven;0.0
IT;DINTENPBG;HEAT;0.7710593067240556
IT;DINTENPCOMB;HEAT;0.18663727255970855
IT;DINTENPGAS;HEAT;0.6616247333832035
IT;DINTENPGEO;HEAT;0.339445667940216
IT;DINTENPHEAT;HEAT;0.0
IT;DINTENPIW;HEAT;0.13098405395203602
IT;DINTENPLBF;HEAT;1.0
IT;DINTENPMW;HEAT;0.30894719583581576
IT;DINTENPOIL;HEAT;0.7799315087614174
IT;DINTENPSBM;HEAT;0.37719183871502304
IT;DINTENPSOLT;HEAT;1.0
IT;DINTENPBG;Other;0.28377805705659637
IT;DINTENPCOMB;Other;0.0
IT;DINTENPGAS;Other;0.0
IT;DINTENPLBF;Other;0.0
IT;DINTENPOIL;Other;0.5612080829245228
IT;DINTENPSBM;Other;0.10750667044127712
IT;DINTENPBG;PG;0.6158737276400216
IT;DINTENPCOMB;PG;0.35445585214047387
IT;DINTENPGAS;PG;0.4560738905517447
IT;DINTENPGEO;PG;0.9576016249233397
IT;DINTENPHEAT;PG;0.0
IT;DINTENPIW;PG;0.10145884861532803
IT;DINTENPLBF;PG;0.9966054329435374
IT;DINTENPMW;PG;0.4074265974296517
IT;DINTENPOIL;PG;0.25058586314791487
IT;DINTENPSBM;PG;0.23515545260607162
IT;DINTENPSOLT;PG;0.0
IT;DINTENPOIL;Refineries;0.31477733605500313
IT;DNONENPCOMB;Non energy;0.0
IT;DNONENPGAS;Non energy;0.2430172230580325
IT;DNONENPOIL;Non energy;0.25443909661236536
IT;DSTOCKPBG;BG;0.0
IT;DSTOCKPCOMB;COMB;0.3389717070720345
IT;DSTOCKPGAS;GAS;0.29062623906734103
IT;DSTOCKPIW;IW;-0.0
IT;DSTOCKPLBF;LBF;0.8660099005923393
IT;DSTOCKPMW;MW;0.0
IT;DSTOCKPOIL;OIL;0.6562196961379347
IT;DSTOCKPSBM;SBM;0.0
IT;EXPPBG;BG;0.0
IT;EXPPCOMB;COMB;0.1675859991000778
IT;EXPPELEC;ELEC;0.06024409190987991
IT;EXPPGAS;GAS;0.02831358818837607
IT;EXPPLBF;LBF;0.08357458369831243
IT;EXPPMW;MW;0.0
IT;EXPPOIL;OIL;0.3022510817822187
IT;EXPPSBM;SBM;0.04498381939155042
IT;IMPPBG;BG;0.0
IT;IMPPCOMB;COMB;0.31106648742747567
IT;IMPPELEC;ELEC;0.44803584992654244
IT;IMPPGAS;GAS;0.39324826896487797
IT;IMPPHEAT;HEAT;0.0
IT;IMPPIW;IW;0.0
IT;IMPPLBF;LBF;0.2699228982610255
IT;IMPPMW;MW;0.0
IT;IMPPOIL;OIL;0.25291624431524884
IT;IMPPSBM;SBM;0.7440102743672704
IT;PRODPBG;Production;0.5756041995235461
IT;PRODPCOMB;Production;0.19078845890056143
IT;PRODPGAS;Production;0.9655836657398599
IT;PRODPGEO;Production;0.9464306357075711
IT;PRODPHYD;Production;0.3191230790839526
IT;PRODPIW;Production;0.26101123246766017
IT;PRODPLBF;Production;0.16487970967664342
IT;PRODPMW;Production;0.35209435152134877
IT;PRODPNUC;Production;0.0
IT;PRODPOIL;Production;0.3291733173971169
IT;PRODPOTH_URN;Production;0.0
IT;PRODPPV;Production;0.4145648921922851
IT;PRODPSBM;Production;0.27366375417047306
IT;PRODPTID;Production;0.0
IT;PRODPWD;Production;0.15334473743630606
IT;DINTENPNUC;PG;0.0
IT;DINTENPNUC;HT;0.0
IT;DINTENPPV;PG;0.4145648921922851
IT;DINTENPPV;HT;0.4145648921922851
IT;DINTENPWD;PG;0.15334473743630606
IT;DINTENPWD;HT;0.15334473743630606
IT;DINTENPHYD;PG;0.3191230790839526
IT;DINTENPHYD;HT;0.3191230790839526
IT;DINTENPTID;PG;0.0
IT;DINTENPTID;HT;0.0
ES;DFINENPBG;AGR;0.04522472164183829
ES;DFINENPCOMB;AGR;0.0
ES;DFINENPELEC;AGR;0.23230757930164886
ES;DFINENPGAS;AGR;0.35587251314553286
ES;DFINENPGEO;AGR;0.0
ES;DFINENPHEAT;AGR;0.0
ES;DFINENPLBF;AGR;0.03323517345496375
ES;DFINENPMW;AGR;0.0
ES;DFINENPOIL;AGR;0.26486401659411457
ES;DFINENPSBM;AGR;0.2392230721224957
ES;DFINENPSOLT;AGR;0.3108238024200232
ES;DFINENPOIL;AVB;0.264846044393823
ES;DFINENPOIL;AVD;0.4427658961455096
ES;DFINENPBG;ICH;0.08378323183343894
ES;DFINENPCOMB;ICH;0.2725122673523425
ES;DFINENPELEC;ICH;0.20178120908485495
ES;DFINENPGAS;ICH;0.3817260835649884
ES;DFINENPHEAT;ICH;0.0
ES;DFINENPIW;ICH;0.0
ES;DFINENPLBF;ICH;0.0
ES;DFINENPMW;ICH;0.0
ES;DFINENPOIL;ICH;0.1300285196242176
ES;DFINENPSBM;ICH;0.06415722844242158
ES;DFINENPSOLT;ICH;0.309182120975369
ES;DFINENPBG;ICM;0.0
ES;DFINENPCOMB;ICM;0.0
ES;DFINENPELEC;ICM;0.3287515020826093
ES;DFINENPGAS;ICM;0.528289492317658
ES;DFINENPHEAT;ICM;0.0
ES;DFINENPIW;ICM;0.0
ES;DFINENPLBF;ICM;0.2660914023967233
ES;DFINENPOIL;ICM;0.33246242823834216
ES;DFINENPSBM;ICM;0.7523039230060719
ES;DFINENPSOLT;ICM;1.0
ES;DFINENPCOMB;IIS;0.310108257840466
ES;DFINENPELEC;IIS;0.2777889157493047
ES;DFINENPGAS;IIS;0.23116700675771204
ES;DFINENPHEAT;IIS;0.0
ES;DFINENPIW;IIS;0.0
ES;DFINENPLBF;IIS;0.0
ES;DFINENPMW;IIS;0.0
ES;DFINENPOIL;IIS;0.42375688368891723
ES;DFINENPSBM;IIS;0.0723589001447178
ES;DFINENPSOLT;IIS;1.0
ES;DFINENPBG;INF;0.0
ES;DFINENPCOMB;INF;0.022750270271579984
ES;DFINENPELEC;INF;0.3507343812887244
ES;DFINENPGAS;INF;0.36658192446208476
ES;DFINENPHEAT;INF;0.0
ES;DFINENPIW;INF;0.0
ES;DFINENPLBF;INF;0.0
ES;DFINENPOIL;INF;0.4524588707186175
ES;DFINENPSBM;INF;1.0
ES;DFINENPSOLT;INF;1.0
ES;DFINENPBG;INM;0.5042864346949066
ES;DFINENPCOMB;INM;0.017734661344400767
ES;DFINENPELEC;INM;0.23627564830904957
ES;DFINENPGAS;INM;0.30395734556314313
ES;DFINENPHEAT;INM;0.0
ES;DFINENPIW;INM;0.2563438153050829
ES;DFINENPLBF;INM;0.0
ES;DFINENPMW;INM;0.0
ES;DFINENPOIL;INM;0.38093808717576993
ES;DFINENPSBM;INM;0.36422440603609973
ES;DFINENPSOLT;INM;1.0
ES;DFINENPBG;IOI;0.2521639316578695
ES;DFINENPCOMB;IOI;0.06447565547815133
ES;DFINENPELEC;IOI;0.19062367273301212
ES;DFINENPGAS;IOI;0.2311737751912528
ES;DFINENPGEO;IOI;0.0
ES;DFINENPHEAT;IOI;0.0
ES;DFINENPIW;IOI;0.0
ES;DFINENPLBF;IOI;0.11492029782062382
ES;DFINENPMW;IOI;0.0
ES;DFINENPOIL;IOI;0.29394087610297254
ES;DFINENPSBM;IOI;0.39860738606814405
ES;DFINENPSOLT;IOI;0.13330145195917828
ES;DFINENPGAS;NAB;1.0
ES;DFINENPLBF;NAB;0.0
ES;DFINENPOIL;NAB;0.40556731172534866
ES;DFINENPGAS;NAD;0.0
ES;DFINENPLBF;NAD;0.11482732840491112
ES;DFINENPOIL;NAD;0.35973491835257393
ES;DFINENPCOMB;OTH;0.9998135323714898
ES;DFINENPELEC;OTH;0.5537643325172102
ES;DFINENPGAS;OTH;0.22342701450100644
ES;DFINENPHEAT;OTH;0.0
ES;DFINENPLBF;OTH;0.0
ES;DFINENPOIL;OTH;0.04387909943577783
ES;DFINENPSBM;OTH;0.0
ES;DFINENPSOLT;OTH;1.0
ES;DFINENPBG;OTH OwnUses;0.0
ES;DFINENPCOMB;OTH OwnUses;0.1697915551709038
ES;DFINENPELEC;OTH OwnUses;0.27900040395867814
ES;DFINENPGAS;OTH OwnUses;0.5647239115294463
ES;DFINENPHEAT;OTH OwnUses;0.0
ES;DFINENPIW;OTH OwnUses;0.0
ES;DFINENPLBF;OTH OwnUses;0.0
ES;DFINENPMW;OTH OwnUses;0.0
ES;DFINENPOIL;OTH OwnUses;0.42734486478561856
ES;DFINENPSBM;OTH OwnUses;0.0
ES;DFINENPBG;OTH_TR;0.0
ES;DFINENPELEC;OTH_TR;0.004063548700330838
ES;DFINENPGAS;OTH_TR;0.0
ES;DFINENPLBF;OTH_TR;0.9761811792268645
ES;DFINENPOIL;OTH_TR;0.9844190785147
ES;DFINENPBG;PWR OwnUses;0.0
ES;DFINENPCOMB;PWR OwnUses;0.0
ES;DFINENPELEC;PWR OwnUses;0.19909686307951194
ES;DFINENPGAS;PWR OwnUses;0.0
ES;DFINENPHEAT;PWR OwnUses;0.0
ES;DFINENPLBF;PWR OwnUses;0.0
ES;DFINENPMW;PWR OwnUses;0.0
ES;DFINENPOIL;PWR OwnUses;0.0
ES;DFINENPSBM;PWR OwnUses;0.0
ES;DFINENPELEC;Pipeline;0.21581391907286343
ES;DFINENPGAS;Pipeline;0.22569610480816096
ES;DFINENPCOMB;RAI;0.0
ES;DFINENPELEC;RAI;0.19150788916666805
ES;DFINENPLBF;RAI;0.0
ES;DFINENPOIL;RAI;0.3016815955604387
ES;DFINENPBG;RES;0.0
ES;DFINENPCOMB;RES;0.6813707597079278
ES;DFINENPELEC;RES;0.2201413303057247
ES;DFINENPGAS;RES;0.10918397098081992
ES;DFINENPGEO;RES;0.088444393644988
ES;DFINENPHEAT;RES;0.0
ES;DFINENPLBF;RES;0.0
ES;DFINENPOIL;RES;0.22756178503968216
ES;DFINENPSBM;RES;0.11315988369792292
ES;DFINENPSOLT;RES;0.2510469027730396
ES;DFINENPBG;ROA;0.0
ES;DFINENPELEC;ROA;0.2373242078347611
ES;DFINENPGAS;ROA;0.14378596328731857
ES;DFINENPLBF;ROA;0.2453154844526275
ES;DFINENPOIL;ROA;0.24930366584087088
ES;DFINENPBG;SRV;0.23727956701137937
ES;DFINENPCOMB;SRV;0.0
ES;DFINENPELEC;SRV;0.22072867200259436
ES;DFINENPGAS;SRV;0.12404262416350921
ES;DFINENPGEO;SRV;0.000956193149194817
ES;DFINENPHEAT;SRV;0.0
ES;DFINENPIW;SRV;0.0
ES;DFINENPLBF;SRV;0.11844931195446874
ES;DFINENPMW;SRV;0.07831839114542401
ES;DFINENPOIL;SRV;0.2740363018816656
ES;DFINENPSBM;SRV;0.22714247746678184
ES;DFINENPSOLT;SRV;0.2948487990529084
ES;DINTENPCOMB;Blast furnace;0.16432128792053086
ES;DINTENPOIL;Blast furnace;0.0
ES;DINTENPSBM;Blast furnace;0.0
ES;DINTENPCOMB;Coke oven;0.1241990910973029
ES;DINTENPGAS;Coke oven;0.0
ES;DINTENPOIL;Coke oven;0.0
ES;DINTENPBG;HEAT;0.0
ES;DINTENPCOMB;HEAT;0.0
ES;DINTENPGAS;HEAT;0.0
ES;DINTENPGEO;HEAT;0.0
ES;DINTENPHEAT;HEAT;0.0
ES;DINTENPIW;HEAT;0.0
ES;DINTENPLBF;HEAT;0.0
ES;DINTENPMW;HEAT;0.0
ES;DINTENPOIL;HEAT;0.0
ES;DINTENPSBM;HEAT;0.0
ES;DINTENPSOLT;HEAT;0.0
ES;DINTENPBG;Other;0.053841981570469544
ES;DINTENPCOMB;Other;0.0
ES;DINTENPGAS;Other;0.0
ES;DINTENPLBF;Other;0.0
ES;DINTENPOIL;Other;0.02478916164393237
ES;DINTENPSBM;Other;0.3778440614081307
ES;DINTENPBG;PG;0.08712220181256573
ES;DINTENPCOMB;PG;0.26513377817160316
ES;DINTENPGAS;PG;0.29634020534154426
ES;DINTENPGEO;PG;0.0
ES;DINTENPHEAT;PG;0.0
ES;DINTENPIW;PG;0.3771948600056386
ES;DINTENPLBF;PG;0.003372807011228893
ES;DINTENPMW;PG;0.19437851851864552
ES;DINTENPOIL;PG;0.3131215394372169
ES;DINTENPSBM;PG;0.368758995040003
ES;DINTENPSOLT;PG;1.0
ES;DINTENPOIL;Refineries;0.28348851939074005
ES;DNONENPCOMB;Non energy;0.10081347255117018
ES;DNONENPGAS;Non energy;0.17622273045062803
ES;DNONENPOIL;Non energy;0.19188591801804014
ES;DSTOCKPBG;BG;0.0
ES;DSTOCKPCOMB;COMB;1.8502814907864638
ES;DSTOCKPGAS;GAS;0.18320012716572315
ES;DSTOCKPIW;IW;-0.0
ES;DSTOCKPLBF;LBF;-0.6900498600615104
ES;DSTOCKPMW;MW;0.0
ES;DSTOCKPOIL;OIL;1.657499140665138
ES;DSTOCKPSBM;SBM;0.0
ES;EXPPBG;BG;0.0
ES;EXPPCOMB;COMB;0.8289187396207885
ES;EXPPELEC;ELEC;0.12246165385587543
ES;EXPPGAS;GAS;0.10393072918481445
ES;EXPPLBF;LBF;0.6616225728227565
ES;EXPPMW;MW;0.0
ES;EXPPOIL;OIL;0.253643378166545
ES;EXPPSBM;SBM;0.0
ES;IMPPBG;BG;0.0
ES;IMPPCOMB;COMB;0.26136032454742003
ES;IMPPELEC;ELEC;0.19073607515414034
ES;IMPPGAS;GAS;0.21873217364414316
ES;IMPPHEAT;HEAT;0.0
ES;IMPPIW;IW;0.0
ES;IMPPLBF;LBF;0.35438247823764873
ES;IMPPMW;MW;0.0
ES;IMPPOIL;OIL;0.2764442164590445
ES;IMPPSBM;SBM;0.0
ES;PRODPBG;Production;0.08320453498041162
ES;PRODPCOMB;Production;0.11635110152504509
ES;PRODPGAS;Production;0.028543505386818407
ES;PRODPGEO;Production;0.0
ES;PRODPHYD;Production;0.17809942740841903
ES;PRODPIW;Production;0.22789925525345403
ES;PRODPLBF;Production;0.3384107801338771
ES;PRODPMW;Production;0.10312970279114914
ES;PRODPNUC;Production;0.12757767428700628
ES;PRODPOIL;Production;0.2717973557205147
ES;PRODPOTH_URN;Production;0.0
ES;PRODPPV;Production;0.2643083286594177
ES;PRODPSBM;Production;0.18988023519419414
ES;PRODPTID;Production;0.040083052083917874
ES;PRODPWD;Production;0.4223917080515836
ES;DINTENPNUC;PG;0.12757767428700628
ES;DINTENPNUC;HT;0.12757767428700628
ES;DINTENPPV;PG;0.2643083286594177
ES;DINTENPPV;HT;0.2643083286594177
ES;DINTENPWD;PG;0.4223917080515836
ES;DINTENPWD;HT;0.4223917080515836
ES;DINTENPHYD;PG;0.17809942740841903
ES;DINTENPHYD;HT;0.17809942740841903
ES;DINTENPTID;PG;0.040083052083917874
ES;DINTENPTID;HT;0.040083052083917874
